CurrencyPair,Strike,OptionType,ExpiryDate,TradeId,Counterparty,Quantity,CalcEstimate,TradeType
KRW/UAH,74.34,Call,2025-08-05,1101,Schamberger LLC,350293.11,1839182,FXOption
GTQ/UYU,75.87,Put,2022-06-04,1102,O'Hara LLC,756295.97,77514,FXOption
SEK/PGK,13.49,Put,2022-02-19,1103,"Nikolaus, Jacobs and Stiedemann",637341.23,1251571,FXOption
EUR/SCR,1.67,Call,2028-05-18,1104,"Ward, Schaden and Lowe",8728.16,675108,FXOption
PYG/TOP,96.84,Call,2028-08-04,1105,"Parisian, Reichel and Harvey",685652.90,551592,FXOption
SEK/GIP,72.23,Put,2023-01-18,1106,Kuvalis - Jakubowski,390560.54,1660665,FXOption
DJF/AOA,97.11,Call,2026-12-20,1107,Ledner - Bins,723764.18,1561142,FXOption
BZD/GNF,94.00,Put,2025-06-20,1108,Ward LLC,818060.31,1441536,FXOption
GHS/CAD,61.81,Put,2026-02-22,1109,Conn - Boyle,884914.02,799708,FXOption
CHF/PKR,61.08,Call,2030-02-16,1110,Grimes - Lesch,410938.42,951910,FXOption
NPR/TND,58.67,Put,2027-10-10,1111,Shanahan - Hoeger,693755.25,1972010,FXOption
DJF/KMF,18.86,Call,2024-04-26,1112,Hermann - Grady,222570.71,539779,FXOption
UAH/JOD,30.17,Put,2024-07-01,1113,Jenkins and Sons,46816.47,1302933,FXOption
MGA/SVC,40.48,Put,2030-01-24,1114,Pouros - Barton,370525.44,697629,FXOption
AWG/AFN,31.06,Call,2022-06-28,1115,Macejkovic - White,813172.93,265728,FXOption
INR/HRK,4.24,Call,2022-09-12,1116,"Koch, Grant and Jast",7194.12,430350,FXOption
HKD/XBD,87.40,Call,2028-08-18,1117,Frami - Breitenberg,203975.62,1436945,FXOption
LAK/PLN,91.43,Put,2027-01-23,1118,Greenfelder LLC,2147.69,1007417,FXOption
JPY/PEN,36.34,Call,2022-05-31,1119,Cronin Inc,830524.70,65065,FXOption
GYD/UYU,60.93,Put,2025-03-20,1120,Hettinger - Rippin,593927.83,16621,FXOption
CNY/SYP,40.62,Put,2026-02-10,1121,Kertzmann and Sons,818108.87,1428060,FXOption
CNY/GBP,17.18,Put,2024-03-16,1122,"Johnson, Kihn and Heller",119416.00,654094,FXOption
MVR/XFU,99.42,Put,2022-12-21,1123,Robel - Mills,23339.89,1314026,FXOption
THB/EUR,11.66,Put,2029-09-18,1124,Kutch Group,713872.74,1298212,FXOption
XCD/ISK,47.46,Call,2027-11-20,1125,Stokes and Sons,443558.11,17465,FXOption
SBD/TMT,79.48,Put,2021-08-24,1126,Kertzmann - Bradtke,41064.67,1099362,FXOption
MZN/PHP,47.04,Put,2026-08-07,1127,"Jenkins, Haley and Christiansen",668223.77,1835757,FXOption
ILS/CHF,1.50,Call,2028-06-16,1128,Hackett LLC,472320.21,1379295,FXOption
JOD/UAH,16.44,Put,2030-08-08,1129,Haley - Bayer,55191.96,1208907,FXOption
MRO/ETB,77.53,Call,2021-12-24,1130,Beier - Friesen,814455.58,1616905,FXOption
KPW/MXN,86.00,Put,2024-06-16,1131,"Abernathy, Champlin and Feeney",407091.37,259787,FXOption
BDT/BAM,51.86,Call,2028-08-16,1132,"Hamill, Kirlin and Hintz",98941.87,538533,FXOption
VEF/QAR,14.39,Call,2022-02-20,1133,MacGyver - Klein,99673.73,119336,FXOption
PLN/LKR,96.73,Call,2023-08-18,1134,"Jacobi, Johns and Kling",184465.91,1627716,FXOption
KWD/SDG,27.67,Put,2022-11-05,1135,Hickle - Parker,740923.50,1599390,FXOption
TJS/GTQ,7.03,Put,2026-11-06,1136,McDermott - Goyette,486490.40,1134014,FXOption
XCD/XBD,45.51,Put,2025-05-07,1137,"Feeney, Flatley and Steuber",919903.20,69748,FXOption
SZL/ILS,25.96,Put,2025-03-15,1138,Kutch - Cummerata,903199.49,394763,FXOption
YER/OMR,3.34,Call,2024-06-25,1139,"Ward, Osinski and Herman",814088.84,270865,FXOption
UAH/TZS,76.52,Put,2026-04-19,1140,Heller - McKenzie,382618.72,246390,FXOption
NGN/BTN,1.12,Put,2030-07-25,1141,"Rohan, Cartwright and Aufderhar",85245.42,226398,FXOption
MAD/BND,89.94,Call,2030-08-10,1142,Wiegand Group,302692.16,1141203,FXOption
MZN/MKD,7.42,Put,2030-07-02,1143,Bogan - Denesik,161212.21,298919,FXOption
MUR/HRK,72.89,Call,2021-04-19,1144,Toy - Cronin,45611.89,360047,FXOption
JPY/SOS,7.99,Call,2026-08-07,1145,Bahringer and Sons,593919.54,452204,FXOption
XOF/VND,93.61,Call,2026-06-01,1146,"Streich, Marks and Kuphal",399964.86,1326908,FXOption
TND/TRY,12.30,Call,2021-04-14,1147,Bernhard and Sons,316327.15,548451,FXOption
SBD/NIO,93.54,Put,2028-07-25,1148,Terry - Marks,49184.91,799488,FXOption
HKD/QAR,64.56,Put,2026-03-29,1149,Lebsack - Mosciski,822523.97,1257544,FXOption
XPT/LSL,27.76,Put,2030-08-05,1150,Schiller - Kuhlman,320638.15,1904441,FXOption
ZWL/KYD,0.05,Call,2030-10-06,1151,"Will, Lemke and Cremin",338335.01,1977344,FXOption
NIO/RWF,95.23,Call,2022-05-17,1152,"Dibbert, Powlowski and Mueller",773756.07,901956,FXOption
ETB/BMD,44.60,Call,2028-03-19,1153,Jast - Predovic,584153.65,778527,FXOption
LTL/PHP,32.27,Put,2023-03-14,1154,"Connelly, Turner and Kub",990278.06,928238,FXOption
SBD/CRC,50.28,Put,2024-12-30,1155,Gleason - Lowe,605610.49,1587220,FXOption
SVC/NOK,74.94,Put,2024-08-06,1156,"Kris, Sanford and Heller",122824.57,914690,FXOption
BZD/TMT,98.69,Call,2022-02-13,1157,Bartoletti Group,47551.29,1582517,FXOption
CDF/LSL,59.55,Put,2026-08-02,1158,VonRueden - Langworth,59133.52,288461,FXOption
BYR/VUV,0.68,Call,2028-05-17,1159,"Hand, Reilly and Wyman",660489.01,251961,FXOption
NZD/MVR,0.24,Call,2026-09-06,1160,Stokes - Borer,292850.75,463211,FXOption
FKP/GIP,97.89,Put,2024-03-01,1161,Green - Littel,370043.78,1123708,FXOption
GTQ/XPT,38.70,Call,2027-09-25,1162,Donnelly and Sons,611311.69,1866550,FXOption
KHR/SZL,91.26,Call,2026-06-22,1163,"Wuckert, Hirthe and Adams",56465.08,116401,FXOption
CRC/OMR,9.88,Put,2029-09-05,1164,Zboncak - Ledner,427357.49,68469,FXOption
LRD/INR,92.06,Call,2027-08-07,1165,"Price, Wilkinson and Bashirian",374683.30,852972,FXOption
MNT/GYD,50.39,Put,2029-07-04,1166,Luettgen - Kris,535882.75,1827315,FXOption
XBC/CUP,89.95,Call,2022-05-17,1167,Runte and Sons,411217.66,417364,FXOption
KHR/ZAR,68.17,Put,2027-05-23,1168,Schneider Inc,27407.37,565086,FXOption
KPW/AUD,89.15,Put,2022-04-12,1169,Zemlak - Torphy,249387.04,513456,FXOption
XDR/NOK,62.48,Put,2022-09-27,1170,Mertz Inc,317446.90,1644684,FXOption
MNT/JMD,45.18,Call,2023-08-12,1171,Koelpin Group,309771.81,1765983,FXOption
BDT/XAF,10.59,Put,2022-08-16,1172,Murray - Swaniawski,900578.68,237330,FXOption
TND/UYU,20.51,Put,2024-08-11,1173,"Greenholt, Satterfield and Kub",42138.04,1386840,FXOption
CZK/MZN,36.64,Call,2028-04-28,1174,Larkin - Buckridge,647269.39,1893400,FXOption
SGD/BRL,19.92,Call,2028-07-21,1175,Nienow - Murazik,83325.65,1337387,FXOption
RUB/GTQ,26.77,Put,2022-12-22,1176,Kovacek - Huel,649910.37,6820,FXOption
BRL/SVC,25.33,Put,2022-10-16,1177,Franecki - Tromp,673342.79,433342,FXOption
PYG/CHF,40.02,Put,2024-10-23,1178,Ritchie and Sons,733043.67,547615,FXOption
BSD/LBP,64.43,Put,2023-09-26,1179,"Oberbrunner, Koch and Hackett",327184.53,1753716,FXOption
SOS/XPT,86.70,Put,2026-08-06,1180,Dare Group,492203.78,692310,FXOption
QAR/IQD,34.82,Put,2026-05-09,1181,"Barrows, Swift and Roberts",753923.04,81248,FXOption
HUF/HTG,99.35,Put,2023-12-26,1182,"Erdman, Bernier and Turner",789609.63,1187241,FXOption
XDR/XBD,20.00,Put,2026-05-29,1183,"Wuckert, Ziemann and Maggio",448065.35,482487,FXOption
MYR/USD,46.35,Call,2021-12-20,1184,Schowalter LLC,582419.82,1128017,FXOption
MVR/CAD,60.68,Put,2026-05-08,1185,"Yost, Johns and Williamson",910543.56,1178870,FXOption
NIO/KHR,44.88,Call,2025-05-22,1186,"Gaylord, Cartwright and Tremblay",749074.97,383033,FXOption
DJF/AOA,77.30,Put,2026-02-07,1187,Bins - Emard,262714.83,570250,FXOption
NPR/MOP,65.16,Put,2024-10-15,1188,Haley Inc,993031.80,1156141,FXOption
LYD/RWF,81.47,Call,2024-11-23,1189,Abshire - Gislason,330079.09,1109506,FXOption
HUF/SRD,64.79,Call,2024-02-14,1190,Nikolaus Group,410766.27,1225080,FXOption
XPD/XPT,90.23,Put,2022-10-15,1191,Skiles Inc,28628.91,947153,FXOption
BTN/TTD,88.40,Put,2028-02-27,1192,Runolfsson Inc,658568.99,1469042,FXOption
MWK/KYD,75.65,Call,2024-11-18,1193,Emard - Hudson,258385.62,970859,FXOption
LSL/EEK,85.67,Put,2027-03-18,1194,"Towne, Heidenreich and Bahringer",658060.36,1519026,FXOption
DJF/RSD,24.40,Put,2026-05-30,1195,"Nolan, Schinner and Dickens",277975.21,1126634,FXOption
MRO/XBD,49.32,Put,2023-01-22,1196,"Larkin, Simonis and Tromp",443023.86,1532896,FXOption
ZAR/ISK,57.55,Call,2021-05-08,1197,"Reilly, Cummerata and Johnston",55185.69,2017,FXOption
DJF/ZWL,24.17,Call,2021-11-17,1198,Rice LLC,594900.48,137834,FXOption
GYD/DKK,69.10,Call,2030-07-09,1199,"Abbott, Wiegand and Sipes",193534.97,1516732,FXOption
VEF/MDL,20.58,Put,2028-02-02,1200,Gislason - Quigley,71275.19,50543,FXOption
UZS/SBD,33.61,Call,2030-03-21,1201,"Sipes, Sporer and Glover",93651.34,657561,FXOption
NIO/VND,24.23,Call,2027-08-30,1202,Howe Inc,723294.16,431338,FXOption
MMK/AUD,34.92,Call,2025-12-22,1203,"Boehm, Wolf and Turner",472169.64,1728909,FXOption
MWK/BMD,42.98,Put,2025-10-04,1204,Goyette - Roberts,169249.87,210550,FXOption
LKR/IDR,80.95,Put,2023-10-10,1205,Bartell - Stroman,225161.74,1756730,FXOption
INR/PAB,46.41,Put,2024-04-27,1206,"Baumbach, Paucek and Bins",749520.60,1740646,FXOption
MVR/BOB,2.56,Put,2028-09-10,1207,"Kassulke, Emmerich and Ritchie",105094.08,984764,FXOption
RUB/NIO,39.29,Call,2022-11-01,1208,O'Kon LLC,52891.89,213181,FXOption
RON/KHR,23.46,Call,2023-01-23,1209,Sporer Inc,336211.39,1191629,FXOption
LTL/THB,97.94,Put,2029-01-05,1210,"Considine, Stracke and Hills",605745.71,1306123,FXOption
MRO/SBD,76.41,Call,2027-12-05,1211,Torp Inc,852513.98,58385,FXOption
CAD/JPY,50.94,Call,2029-04-18,1212,Cormier and Sons,907447.56,1162074,FXOption
CLP/KYD,45.33,Put,2023-01-03,1213,"Shields, Grady and Stamm",46463.52,1586035,FXOption
XCD/LTL,56.69,Put,2022-05-04,1214,Homenick - Leuschke,835453.91,1917917,FXOption
KWD/LAK,2.49,Call,2026-03-04,1215,Langworth - Klein,894554.99,1990439,FXOption
NPR/GNF,80.61,Call,2023-06-08,1216,Crona LLC,823194.71,834482,FXOption
SZL/XAG,7.20,Call,2027-04-18,1217,Hahn and Sons,207197.99,1315813,FXOption
UGX/XPF,5.12,Put,2024-07-30,1218,"Weissnat, Predovic and Jenkins",405485.77,628312,FXOption
SGD/SEK,41.85,Put,2024-08-26,1219,Welch - Brown,556649.71,513176,FXOption
ERN/EGP,22.85,Call,2026-08-27,1220,"Harris, Rodriguez and Kozey",159678.59,43434,FXOption
ETB/KHR,10.31,Call,2028-10-06,1221,Grant - Cruickshank,321487.93,923415,FXOption
PLN/JPY,4.42,Put,2022-10-22,1222,"Torp, Parisian and Shields",367142.96,764431,FXOption
XOF/ERN,29.26,Put,2026-12-18,1223,Moen Inc,611413.97,1902751,FXOption
EEK/TOP,47.46,Call,2024-01-07,1224,"Schiller, Hahn and Aufderhar",656591.71,1893051,FXOption
PKR/TND,63.93,Put,2027-01-03,1225,Gleason - Walker,445665.72,128548,FXOption
XCD/SDG,51.01,Call,2024-03-05,1226,Hoppe LLC,138790.39,1363799,FXOption
TTD/SDG,43.54,Put,2025-03-25,1227,"Davis, Nienow and Waters",92975.14,736470,FXOption
HKD/CNY,88.75,Call,2023-12-31,1228,Thiel - Hauck,675571.60,682507,FXOption
MZN/XAF,97.48,Put,2021-04-28,1229,Ziemann - Thompson,638363.46,816525,FXOption
PEN/ZMK,35.27,Put,2028-01-13,1230,Cruickshank Inc,504849.13,817917,FXOption
MAD/JOD,46.32,Put,2024-06-26,1231,Doyle Inc,228625.62,1229966,FXOption
CUP/SVC,29.40,Put,2027-12-04,1232,Mueller - Auer,718630.20,315418,FXOption
SVC/UGX,26.69,Call,2028-03-17,1233,"Rice, Jenkins and Toy",322118.71,810105,FXOption
PLN/ANG,90.22,Call,2022-11-20,1234,"Dicki, Kling and Hilpert",449405.28,1635644,FXOption
JPY/IDR,22.42,Put,2029-10-14,1235,Jones - Wuckert,662181.86,294978,FXOption
XBC/DJF,74.92,Call,2026-09-17,1236,"Ullrich, Vandervort and Hegmann",793179.36,576054,FXOption
IDR/SDG,36.68,Call,2022-02-16,1237,Goodwin - Renner,430940.85,1127235,FXOption
QAR/EUR,35.29,Call,2025-12-07,1238,"Monahan, Langosh and Brakus",988668.52,1818746,FXOption
PYG/MNT,74.50,Call,2029-03-18,1239,"Nader, Considine and Grant",544224.34,51049,FXOption
EEK/NGN,5.64,Put,2027-06-22,1240,Ernser - Adams,148676.06,499988,FXOption
TRY/IRR,24.66,Call,2030-08-07,1241,"Kautzer, Torp and Gulgowski",399903.53,489919,FXOption
CAD/AMD,32.22,Put,2021-08-05,1242,Cremin Group,640678.24,1172434,FXOption
BMD/USD,65.97,Put,2025-05-12,1243,Koch - Murphy,991829.27,579182,FXOption
FJD/ZMK,14.43,Put,2028-11-17,1244,Stamm Inc,76652.33,414991,FXOption
BBD/DOP,50.79,Call,2027-09-17,1245,Kuphal Group,756698.00,1080108,FXOption
YER/EUR,30.46,Call,2022-03-08,1246,Rice - McKenzie,20800.21,811593,FXOption
YER/SDG,43.35,Call,2024-05-02,1247,"Raynor, Schumm and Gottlieb",99805.77,463451,FXOption
WST/KYD,22.18,Call,2029-10-26,1248,"Littel, Dooley and Paucek",861783.86,1192005,FXOption
RSD/EGP,0.49,Call,2027-12-04,1249,"Heaney, Brekke and Maggio",258522.02,330036,FXOption
PYG/GTQ,9.92,Call,2026-03-14,1250,Torphy - Kemmer,680512.84,1166104,FXOption
HTG/MRO,37.30,Put,2024-11-23,1251,Waters - Pollich,192431.48,776177,FXOption
MOP/ZAR,80.37,Call,2021-06-15,1252,"Gorczany, Nader and Reichert",475700.73,338289,FXOption
ETB/CRC,1.30,Call,2023-03-28,1253,Kovacek Group,910610.67,626208,FXOption
KHR/BTN,87.07,Call,2029-05-13,1254,Hettinger and Sons,658354.72,823382,FXOption
SDG/CZK,41.41,Call,2022-04-10,1255,"Mueller, Sipes and Considine",356229.84,510742,FXOption
UZS/GEL,7.50,Call,2021-11-30,1256,Krajcik Group,16980.16,921329,FXOption
IQD/BAM,6.43,Call,2028-07-24,1257,Cummerata - Quitzon,766333.55,1826171,FXOption
PHP/SBD,55.44,Put,2021-08-27,1258,Wolf Group,330003.82,1396455,FXOption
IRR/PKR,95.10,Call,2026-10-17,1259,"Miller, Boyer and Schowalter",827036.87,1774946,FXOption
IRR/KWD,88.04,Call,2027-07-16,1260,"Rodriguez, Runolfsdottir and Labadie",456935.58,247310,FXOption
MUR/HKD,82.22,Put,2022-08-06,1261,Wilderman - Feest,320799.91,1128780,FXOption
XBB/XOF,2.56,Call,2031-01-13,1262,Littel and Sons,761220.61,139792,FXOption
CAD/UAH,24.12,Call,2026-03-24,1263,Dare Inc,306654.38,460218,FXOption
CAD/MYR,50.63,Put,2024-04-22,1264,Dare Group,835891.95,1866926,FXOption
CZK/IRR,74.41,Call,2024-12-13,1265,Champlin and Sons,361075.80,1556987,FXOption
LVL/WST,92.68,Call,2021-12-26,1266,Johnson - Torp,223633.99,55635,FXOption
PLN/MUR,82.78,Call,2030-04-30,1267,"Blick, Hackett and Skiles",616038.44,1680025,FXOption
SVC/SGD,52.82,Put,2021-05-07,1268,Prosacco - Cummerata,100232.48,1968867,FXOption
GIP/RSD,80.85,Call,2025-07-11,1269,Stehr and Sons,878468.87,1387934,FXOption
TZS/NGN,74.50,Put,2030-06-17,1270,Johns - Turner,104866.86,490803,FXOption
SGD/BSD,4.29,Call,2028-05-20,1271,"Von, Koepp and Tremblay",6366.28,1430522,FXOption
ALL/XPT,92.22,Put,2026-07-19,1272,Bergnaum - O'Hara,643987.89,448505,FXOption
BAM/VEF,16.28,Put,2022-10-20,1273,"Hoppe, O'Keefe and Parisian",17821.97,1595823,FXOption
JOD/WST,97.87,Put,2026-10-29,1274,Kozey - Wehner,164384.99,783941,FXOption
LAK/AMD,80.74,Put,2027-05-15,1275,"Ratke, Buckridge and Friesen",351444.82,505714,FXOption
DKK/ZMK,91.73,Call,2027-08-20,1276,Mayert - Bogisich,533670.79,1614615,FXOption
LRD/UGX,61.68,Put,2021-11-30,1277,"Macejkovic, Deckow and Schowalter",592013.44,1428876,FXOption
RON/MRO,60.11,Call,2029-06-01,1278,"Keebler, Wolf and Ortiz",540083.57,859689,FXOption
PGK/NGN,18.07,Call,2029-11-29,1279,Cormier - Donnelly,892719.92,1701261,FXOption
SYP/MOP,98.12,Call,2022-12-19,1280,"Goyette, Torp and Crist",932032.20,881362,FXOption
VUV/FKP,78.71,Call,2024-04-19,1281,Thiel - Johnston,151391.32,223507,FXOption
NZD/SBD,86.37,Call,2029-07-25,1282,Kerluke LLC,15217.78,66489,FXOption
BIF/MGA,60.80,Put,2030-12-19,1283,Dooley - Tillman,52704.80,297157,FXOption
GBP/TJS,74.14,Put,2028-06-20,1284,Mraz LLC,164855.09,1995547,FXOption
UYU/INR,14.08,Put,2030-01-25,1285,Huels LLC,689436.72,1729117,FXOption
HUF/ZWL,36.69,Call,2021-02-08,1286,Padberg Inc,941223.25,1509333,FXOption
KPW/TND,36.00,Put,2021-04-01,1287,Okuneva - Schmeler,415321.39,730320,FXOption
PHP/CUC,18.81,Put,2024-02-08,1288,"Williamson, Casper and Boehm",930469.34,85898,FXOption
LTL/SCR,41.02,Call,2027-08-08,1289,Quitzon - Cronin,846807.89,666047,FXOption
NOK/CAD,32.46,Call,2025-05-16,1290,Ritchie - Raynor,412635.38,1316581,FXOption
MUR/AWG,1.08,Put,2028-03-12,1291,Casper Inc,998240.98,205464,FXOption
PHP/MXN,3.22,Call,2030-07-19,1292,"Daugherty, Prohaska and Greenfelder",981275.10,1900878,FXOption
RSD/GBP,44.69,Put,2025-12-31,1293,"Hickle, Kuhn and Johnston",219689.92,812875,FXOption
SRD/TMT,43.90,Put,2028-01-03,1294,"Franecki, Rempel and Friesen",571577.76,322843,FXOption
SDG/XPT,57.77,Call,2024-01-01,1295,"Koss, Feest and Bashirian",427167.46,863176,FXOption
CAD/IRR,73.84,Call,2023-09-23,1296,"Bechtelar, Rosenbaum and O'Connell",578504.70,1765460,FXOption
LRD/UAH,24.94,Call,2026-02-27,1297,"Johnston, Kling and Maggio",733219.85,758379,FXOption
LSL/EGP,56.46,Put,2025-12-22,1298,Johnston Inc,186758.61,364392,FXOption
XCD/NGN,86.18,Call,2027-06-19,1299,Gorczany - Gorczany,677874.14,979568,FXOption
VUV/SBD,32.88,Put,2025-11-13,1300,"Kemmer, Renner and Lemke",812847.84,1168507,FXOption
PEN/JMD,70.09,Call,2022-09-22,1301,Wiza LLC,799453.43,679254,FXOption
CRC/XAG,24.37,Put,2025-08-20,1302,Ryan and Sons,360737.30,289146,FXOption
LTL/IQD,59.77,Put,2022-03-21,1303,"Monahan, King and Kessler",818663.66,1375966,FXOption
SBD/XAF,15.02,Call,2024-01-06,1304,Anderson Inc,532778.29,604463,FXOption
KPW/COP,66.87,Put,2025-02-20,1305,Krajcik Group,780861.02,1315867,FXOption
MMK/BZD,98.08,Call,2027-08-04,1306,Swaniawski - McDermott,791650.98,865551,FXOption
SYP/BZD,82.79,Call,2029-07-01,1307,Brakus Inc,596480.28,1875990,FXOption
BZD/MKD,65.71,Call,2022-09-08,1308,Botsford Inc,704479.63,1602537,FXOption
INR/KMF,36.94,Put,2022-01-29,1309,Purdy Inc,134163.93,175144,FXOption
AZN/KMF,32.69,Put,2029-07-03,1310,Treutel - Kuphal,152039.50,346462,FXOption
INR/SDG,87.95,Call,2030-12-24,1311,Heathcote Group,926844.08,1948213,FXOption
GYD/XBD,91.64,Put,2026-03-03,1312,Kub Group,395619.42,1653625,FXOption
BOB/NOK,1.01,Put,2026-05-23,1313,Runte - Rempel,67939.47,1843099,FXOption
XAF/FJD,16.00,Put,2028-05-03,1314,"Dietrich, Schultz and Gleichner",962514.92,1942573,FXOption
BGN/BND,32.52,Call,2029-09-04,1315,Hoeger - Schneider,770381.19,150986,FXOption
OMR/SVC,0.53,Put,2029-09-24,1316,Schumm - Gleichner,556237.72,1048970,FXOption
MUR/KPW,85.55,Put,2025-06-01,1317,"Heidenreich, Franecki and McCullough",807602.63,1337937,FXOption
GMD/UYU,3.08,Put,2025-12-28,1318,"Sawayn, Walker and Schamberger",390310.21,1847251,FXOption
KRW/ILS,12.02,Call,2023-09-02,1319,"Metz, DuBuque and Hoeger",546368.93,1422711,FXOption
KES/MMK,67.02,Call,2025-10-10,1320,"Wilderman, Dooley and Cole",220798.38,1925587,FXOption
BYR/SAR,46.11,Put,2022-08-31,1321,Rolfson - Barton,345169.05,1533135,FXOption
KMF/BSD,84.13,Put,2031-01-09,1322,Armstrong LLC,649807.23,756392,FXOption
NIO/EUR,70.29,Call,2024-06-03,1323,Howell and Sons,823483.32,1942342,FXOption
KZT/HUF,20.12,Call,2030-07-10,1324,Schuster - Emard,245649.20,198032,FXOption
XOF/MKD,48.20,Put,2029-07-03,1325,Okuneva - Bradtke,459630.88,1370072,FXOption
BOB/GIP,21.09,Call,2024-10-25,1326,Paucek LLC,969365.78,225195,FXOption
TRY/KPW,55.12,Call,2030-04-22,1327,"Zboncak, Cassin and Raynor",329311.59,907684,FXOption
AED/BZD,3.52,Put,2021-09-28,1328,"Treutel, Pollich and Smitham",654813.90,576146,FXOption
BYR/NAD,16.60,Put,2022-05-31,1329,"Schmidt, Crona and Schuster",146023.31,492306,FXOption
EEK/BZD,9.28,Put,2030-05-20,1330,"Keebler, Pacocha and Lemke",381815.66,261534,FXOption
KZT/TZS,28.63,Call,2021-10-19,1331,Hettinger - Schaefer,984856.11,263564,FXOption
MDL/GTQ,55.48,Put,2024-01-18,1332,Boyle Inc,325786.61,1124622,FXOption
BSD/XBC,87.21,Put,2030-02-23,1333,"Wiegand, Botsford and Champlin",261873.87,331625,FXOption
CLP/BRL,67.60,Put,2022-09-22,1334,"Sporer, Weimann and Heller",794034.36,69458,FXOption
DJF/TZS,62.27,Put,2030-04-24,1335,Kuhn LLC,329656.76,1086205,FXOption
SGD/YER,33.53,Call,2030-03-31,1336,"Hilll, Crooks and Kutch",268576.27,1318738,FXOption
ZAR/SZL,47.34,Call,2022-07-17,1337,Kessler Inc,253602.16,379588,FXOption
LBP/XFU,62.25,Call,2030-03-24,1338,Jacobi - Thiel,889450.01,1211262,FXOption
TJS/UZS,52.55,Call,2024-10-29,1339,Wyman and Sons,178212.24,956764,FXOption
AWG/MKD,7.61,Call,2024-08-11,1340,Heaney Inc,465625.03,1792459,FXOption
YER/GHS,60.97,Call,2027-09-15,1341,Cormier Group,140344.12,349604,FXOption
BSD/XPT,77.54,Call,2025-03-11,1342,"Heathcote, Johnston and Simonis",164815.09,363727,FXOption
CDF/KGS,99.33,Put,2026-08-20,1343,Boyle LLC,291940.99,561622,FXOption
CRC/AED,50.91,Call,2026-01-02,1344,"Glover, Paucek and Barton",100122.32,413731,FXOption
GNF/SEK,93.01,Call,2026-09-19,1345,"Denesik, O'Connell and Schneider",920529.97,834870,FXOption
XAU/TZS,87.31,Call,2027-03-29,1346,"Brekke, Schowalter and Bechtelar",68705.08,1696928,FXOption
BAM/ZAR,94.06,Call,2030-08-14,1347,Weber Inc,737264.30,1592207,FXOption
INR/SLL,11.11,Put,2023-11-11,1348,"Thompson, Hoeger and Veum",61428.21,974164,FXOption
AWG/BZD,33.06,Put,2022-03-05,1349,Luettgen - Hansen,574143.36,452175,FXOption
SLL/CUP,62.11,Put,2023-06-09,1350,Muller - Roob,943656.37,1425264,FXOption
BZD/AFN,36.16,Call,2026-06-01,1351,"Monahan, Barton and Bailey",227700.65,858352,FXOption
CLP/MXN,1.57,Put,2029-06-12,1352,"Hauck, Kshlerin and Stokes",379265.96,1494894,FXOption
IDR/SVC,17.66,Put,2022-03-14,1353,"Mayer, Gusikowski and Gaylord",625037.73,1938140,FXOption
HUF/TOP,91.06,Put,2022-05-20,1354,Nicolas - Rutherford,521188.71,608300,FXOption
BHD/HRK,98.33,Call,2021-04-12,1355,Moen - Stiedemann,287656.98,547753,FXOption
SHP/ZAR,80.39,Put,2022-10-08,1356,Turcotte and Sons,765434.13,917994,FXOption
UYU/BHD,85.81,Put,2025-07-06,1357,Herzog - Wiza,887159.67,1598436,FXOption
KWD/YER,35.15,Call,2029-12-01,1358,"Braun, Quigley and Nitzsche",268781.01,1939859,FXOption
AFN/BAM,57.95,Put,2024-10-27,1359,"Crona, Berge and O'Keefe",636225.78,514613,FXOption
LVL/KMF,99.96,Put,2025-10-29,1360,"Kozey, Hickle and Erdman",633089.86,1941028,FXOption
LYD/LVL,28.30,Call,2021-02-10,1361,Gottlieb Inc,196141.42,1476960,FXOption
EEK/CLP,58.84,Put,2021-11-07,1362,Nolan Group,200944.59,1822463,FXOption
AWG/HTG,47.08,Put,2025-11-15,1363,"Kihn, Sauer and Hickle",234477.93,555447,FXOption
KRW/MKD,51.12,Call,2026-10-24,1364,"Lindgren, Feest and Wilderman",784142.15,1078905,FXOption
ALL/SGD,73.79,Put,2024-05-01,1365,Lindgren - Klocko,829294.43,1062694,FXOption
XTS/LAK,44.64,Put,2022-08-06,1366,"Parisian, Padberg and Ruecker",496828.50,1503182,FXOption
ETB/BWP,69.34,Call,2028-04-21,1367,Lehner - Jacobs,102620.12,1199394,FXOption
XBC/JPY,74.62,Put,2021-05-27,1368,Fadel - Mante,71229.62,480870,FXOption
CUC/GHS,78.78,Call,2025-11-10,1369,"Cremin, Boehm and Windler",860781.05,1114940,FXOption
AZN/SHP,93.16,Put,2028-10-09,1370,Jones and Sons,846933.74,23798,FXOption
BOB/SAR,25.67,Put,2029-07-06,1371,Mitchell Group,356201.37,915595,FXOption
KRW/ERN,4.22,Put,2021-08-21,1372,"Jerde, Leuschke and Block",369895.35,891823,FXOption
DZD/DZD,85.24,Put,2027-11-10,1373,"Frami, Anderson and Kuvalis",800415.65,167148,FXOption
NZD/JPY,44.89,Call,2026-02-02,1374,Aufderhar LLC,551467.16,627609,FXOption
LRD/MXN,61.67,Put,2025-12-04,1375,"Walker, Heathcote and O'Conner",884706.36,810983,FXOption
PYG/ANG,46.61,Put,2021-05-10,1376,"Roob, Conn and Herzog",757842.27,1709793,FXOption
BYR/UGX,83.85,Put,2027-01-04,1377,"Tromp, Corwin and Larson",390718.11,1637002,FXOption
RUB/STN,66.29,Call,2023-06-08,1378,"Willms, Hand and Ortiz",850226.33,1831486,FXOption
STN/SRD,42.38,Call,2021-06-05,1379,"Lowe, Gleason and Lubowitz",193094.09,1111731,FXOption
PYG/KPW,78.41,Call,2027-07-17,1380,"Baumbach, Kihn and Kutch",367997.76,30060,FXOption
AED/SRD,34.73,Call,2028-04-07,1381,West Inc,36107.25,177873,FXOption
PEN/MZN,8.14,Call,2021-12-31,1382,"Paucek, Wolf and Mills",251714.33,1681983,FXOption
IDR/MUR,66.34,Call,2021-12-17,1383,Schoen - Altenwerth,278695.72,453934,FXOption
IQD/CHF,46.72,Call,2028-07-17,1384,Lockman - Murphy,391189.46,638982,FXOption
LBP/XBA,11.63,Call,2022-10-24,1385,Halvorson LLC,197242.51,718659,FXOption
CNY/SVC,86.19,Call,2027-08-16,1386,"Prosacco, Luettgen and Cassin",638656.93,279685,FXOption
DJF/XFU,46.83,Call,2025-10-05,1387,"Murray, Collins and Gutmann",137919.68,691938,FXOption
TTD/XCD,75.87,Call,2025-08-01,1388,Bogisich - Botsford,203647.94,339237,FXOption
MAD/STN,17.97,Call,2023-02-13,1389,Bednar - Hintz,748869.67,1985772,FXOption
MAD/XAU,22.12,Put,2022-04-20,1390,Bosco - Schroeder,392684.93,1371813,FXOption
LBP/AOA,43.51,Call,2030-10-11,1391,Purdy LLC,747726.34,736637,FXOption
SYP/MVR,14.50,Call,2029-07-04,1392,"Brakus, Doyle and Ruecker",194199.58,1151058,FXOption
SCR/MKD,66.78,Put,2030-04-05,1393,"Gislason, Bernhard and Labadie",243021.36,554150,FXOption
PEN/IRR,52.66,Call,2025-10-07,1394,Ruecker - Friesen,784467.06,981092,FXOption
AWG/CVE,11.04,Call,2028-06-14,1395,Stanton LLC,502074.30,1775397,FXOption
LYD/ERN,12.51,Call,2022-12-21,1396,Goyette Inc,431112.65,883298,FXOption
MGA/KES,8.50,Call,2022-06-20,1397,"Gutmann, Kessler and Conn",466905.36,886069,FXOption
MDL/AED,35.53,Put,2023-05-10,1398,Hintz - Connelly,543267.11,832712,FXOption
MNT/TWD,34.31,Call,2031-01-07,1399,Ward - McClure,622252.05,714823,FXOption
KES/KHR,3.52,Put,2025-07-11,1400,Hauck Inc,400281.88,1814246,FXOption
BIF/XAG,2.53,Call,2030-12-19,1401,"Balistreri, Miller and Cruickshank",457891.04,1811040,FXOption
MGA/BOB,91.30,Call,2028-01-21,1402,"Willms, Sipes and Langosh",372509.20,1715145,FXOption
SOS/PHP,0.61,Put,2021-12-02,1403,Rosenbaum Group,281501.04,476286,FXOption
CLP/KYD,43.82,Call,2030-05-13,1404,"Powlowski, Ratke and Homenick",331502.23,833820,FXOption
XAU/MNT,55.24,Put,2030-02-16,1405,Conn and Sons,375303.84,610427,FXOption
ERN/COP,66.77,Call,2024-08-05,1406,Smith - Reichert,934572.70,1680773,FXOption
BSD/BWP,4.10,Call,2025-06-26,1407,Turner and Sons,859350.79,536987,FXOption
PAB/KPW,90.62,Put,2030-05-28,1408,Krajcik - Runte,748853.40,172566,FXOption
VEF/ZMK,44.74,Call,2025-12-27,1409,Kling Inc,41592.60,757689,FXOption
VUV/PEN,10.71,Put,2022-12-11,1410,"Sawayn, Bogan and Pagac",298663.60,201445,FXOption
BBD/ZAR,84.87,Put,2023-04-17,1411,Brown - Lueilwitz,267339.80,115009,FXOption
SHP/EEK,48.08,Call,2025-03-09,1412,Rice LLC,150260.21,1131393,FXOption
BIF/KYD,98.56,Put,2028-08-13,1413,"Lubowitz, Glover and Hickle",874249.86,777507,FXOption
THB/HKD,79.00,Put,2021-04-02,1414,"Rodriguez, Bogisich and Mohr",342212.57,1253161,FXOption
MMK/SLL,37.46,Call,2027-05-24,1415,Herzog LLC,49187.33,1168659,FXOption
JMD/RON,97.52,Put,2026-04-23,1416,"Beier, Bode and Welch",841957.84,376559,FXOption
MRO/DOP,9.93,Call,2025-08-31,1417,Adams - Kovacek,988661.08,831221,FXOption
PKR/UAH,80.43,Put,2026-09-23,1418,Brekke - Bode,280268.34,1822541,FXOption
AED/QAR,50.02,Call,2025-06-17,1419,Cartwright - Olson,102968.21,1373717,FXOption
IDR/ERN,6.04,Put,2022-10-06,1420,Schultz - Kunde,735512.77,1604829,FXOption
XPF/AED,66.35,Put,2030-05-20,1421,Gorczany - D'Amore,986591.89,151421,FXOption
HUF/IDR,36.83,Call,2024-02-05,1422,Stracke - Jast,806069.58,505157,FXOption
OMR/HUF,47.79,Call,2026-09-04,1423,"Reilly, Olson and Blick",506435.43,1612508,FXOption
RSD/ANG,73.71,Call,2021-02-14,1424,"Nicolas, McClure and Durgan",335788.06,1899248,FXOption
RWF/LTL,45.73,Put,2021-02-11,1425,Treutel - Schulist,788678.52,810110,FXOption
LRD/FKP,33.40,Call,2027-08-13,1426,"Rosenbaum, Breitenberg and Schaefer",614510.72,191134,FXOption
NOK/XBD,39.54,Call,2027-10-25,1427,Connelly - Schmitt,228812.50,1659203,FXOption
FJD/SGD,40.14,Put,2030-05-08,1428,Jakubowski - Thiel,153723.34,1526477,FXOption
LKR/KHR,72.12,Call,2029-08-15,1429,Luettgen LLC,6337.95,1754387,FXOption
AFN/MWK,57.52,Put,2021-12-21,1430,"Jacobson, Heller and Schultz",198834.86,1514717,FXOption
DZD/PGK,85.14,Put,2029-05-20,1431,Harris LLC,193703.25,705862,FXOption
TOP/IDR,35.55,Call,2022-11-09,1432,"Jaskolski, Schiller and Cummerata",814741.27,1237082,FXOption
BAM/XPT,0.59,Call,2023-08-14,1433,Kshlerin - McCullough,161826.54,111223,FXOption
TWD/MMK,24.50,Put,2028-12-14,1434,"Smitham, Gulgowski and Williamson",226120.88,1968780,FXOption
PLN/ISK,13.89,Call,2023-03-18,1435,Keeling Group,996499.18,1119782,FXOption
XPT/AOA,29.75,Put,2022-09-28,1436,Veum and Sons,521118.62,1698218,FXOption
DJF/NIO,63.40,Put,2030-12-02,1437,"Mayer, Moen and Bauch",568763.77,990029,FXOption
SAR/CNY,49.55,Put,2025-03-15,1438,Hudson and Sons,517207.05,101634,FXOption
KRW/IRR,2.88,Call,2028-11-18,1439,"Bauch, Wiegand and Moen",926425.57,1849367,FXOption
UZS/KMF,6.49,Put,2025-07-05,1440,Brekke Inc,447258.52,1652020,FXOption
AUD/AED,79.87,Put,2023-09-20,1441,Fay - Homenick,109320.45,1042705,FXOption
KPW/PKR,57.01,Call,2028-10-06,1442,"Romaguera, Breitenberg and Wolff",535570.51,1310708,FXOption
GNF/BBD,22.44,Put,2029-06-30,1443,Doyle - Miller,32052.03,562361,FXOption
MXN/LYD,40.53,Call,2029-11-10,1444,Wisozk - Ryan,362141.27,1624410,FXOption
AED/AUD,91.17,Call,2022-10-14,1445,Runolfsdottir - Volkman,425113.26,650272,FXOption
TJS/BGN,24.03,Put,2028-07-12,1446,"Kunze, Pacocha and McDermott",899740.64,51604,FXOption
HRK/OMR,72.34,Put,2021-12-11,1447,Jones - Christiansen,371504.09,1568883,FXOption
GIP/COP,70.72,Call,2023-11-11,1448,Pouros and Sons,633387.46,1681685,FXOption
GMD/CUC,46.23,Put,2028-12-10,1449,Becker and Sons,951994.72,1871598,FXOption
HUF/TMT,5.36,Put,2026-06-25,1450,Cummerata - Cole,499687.48,9090,FXOption
TRY/HTG,95.03,Put,2021-08-31,1451,Dickens - Boehm,476349.02,1097409,FXOption
MKD/ZWL,17.72,Call,2025-06-07,1452,Hilpert - Willms,490419.64,1551585,FXOption
BDT/MVR,83.58,Call,2027-05-15,1453,Cremin Group,299975.96,1036473,FXOption
YER/YER,95.14,Call,2025-02-10,1454,Cartwright - Cummerata,608125.29,1650961,FXOption
CZK/PKR,72.40,Call,2025-11-29,1455,"Flatley, Jacobson and Bechtelar",180857.88,100546,FXOption
ETB/TMT,95.83,Call,2025-11-03,1456,Mosciski - Bechtelar,530559.75,551747,FXOption
CZK/ILS,66.50,Put,2029-02-17,1457,Hammes - Macejkovic,231359.78,970317,FXOption
STN/XAG,11.91,Put,2025-10-04,1458,Rutherford and Sons,532876.93,1797064,FXOption
BRL/BGN,54.99,Call,2028-04-04,1459,"Brown, Considine and Corwin",896812.03,1007320,FXOption
TZS/SBD,84.64,Put,2029-07-28,1460,"Walter, Towne and Kling",920462.71,1686502,FXOption
PGK/MMK,36.60,Call,2027-09-22,1461,"Watsica, Gutmann and Skiles",315008.34,1037400,FXOption
HRK/LSL,8.80,Call,2023-11-02,1462,Harber - Huel,175259.92,818084,FXOption
BGN/LSL,90.75,Call,2021-09-26,1463,Hickle Inc,846668.65,830209,FXOption
UZS/BAM,18.85,Call,2027-01-17,1464,Aufderhar - Wehner,193642.24,427030,FXOption
MWK/BAM,74.53,Call,2025-06-02,1465,Herman LLC,503070.24,639118,FXOption
EUR/NAD,90.01,Put,2025-06-19,1466,"Rosenbaum, Marvin and Stracke",830994.48,1136384,FXOption
JMD/CVE,96.21,Call,2026-09-09,1467,Gusikowski - Flatley,868288.91,1177895,FXOption
MUR/MMK,85.52,Call,2021-04-01,1468,"Kulas, Simonis and Borer",734971.66,1687267,FXOption
BDT/INR,64.51,Call,2027-01-05,1469,McClure - Quitzon,863496.62,891517,FXOption
GEL/PGK,73.05,Put,2022-10-08,1470,Crona Group,407754.80,105634,FXOption
THB/BMD,72.44,Call,2028-02-22,1471,"Swaniawski, Effertz and Waelchi",267335.46,1486350,FXOption
MNT/AED,14.33,Put,2024-03-23,1472,Jones and Sons,144360.31,1438771,FXOption
ARS/RWF,68.26,Put,2026-09-18,1473,Wisoky Inc,504722.66,666881,FXOption
TMT/NOK,70.24,Call,2024-02-08,1474,"Pfannerstill, Cremin and Kirlin",599993.46,735308,FXOption
FJD/HRK,74.70,Put,2027-05-18,1475,"Torphy, Morissette and Frami",736344.91,741190,FXOption
XFU/SCR,9.02,Call,2025-03-18,1476,"Barrows, Konopelski and Ullrich",17072.11,833976,FXOption
IDR/SRD,40.86,Call,2025-06-26,1477,"Ondricka, Herzog and Glover",971731.07,1089098,FXOption
NOK/RON,41.89,Put,2024-07-27,1478,Hyatt - Bode,581204.30,523195,FXOption
SBD/IDR,37.08,Put,2027-09-12,1479,Ebert Group,123240.84,1966452,FXOption
XAG/LBP,39.86,Put,2028-04-07,1480,Stehr Group,92568.07,1904583,FXOption
BBD/UAH,43.58,Call,2022-08-19,1481,Ernser Inc,841986.57,922763,FXOption
KZT/MMK,14.58,Put,2030-12-17,1482,Osinski Inc,343772.95,1024318,FXOption
SEK/PHP,98.84,Call,2027-05-14,1483,Hirthe LLC,442503.12,1599232,FXOption
BAM/BAM,99.00,Put,2027-09-12,1484,Glover LLC,368375.78,1630096,FXOption
TND/KGS,58.06,Call,2026-01-24,1485,"Volkman, Emard and Hane",963037.06,1083071,FXOption
LKR/SCR,4.25,Call,2028-07-14,1486,Jast Group,979648.99,1255450,FXOption
SBD/MMK,45.09,Put,2024-12-22,1487,"Schoen, Satterfield and Durgan",765210.47,1942982,FXOption
KHR/LRD,25.82,Call,2030-05-03,1488,Blanda - Wuckert,87082.88,318863,FXOption
UGX/JMD,18.74,Call,2026-12-09,1489,Christiansen - Auer,807810.81,1720374,FXOption
BRL/CVE,56.98,Put,2022-01-05,1490,"Von, Kris and Barton",107724.68,873421,FXOption
XAU/XAU,46.85,Call,2021-08-10,1491,Brekke Group,837888.53,669915,FXOption
JPY/XBB,14.10,Call,2024-02-23,1492,"Schuppe, Emard and Keebler",677029.20,1520740,FXOption
LSL/SGD,30.51,Put,2023-11-22,1493,"Bartell, McKenzie and Mante",596477.28,1891089,FXOption
MMK/XOF,49.60,Put,2028-04-06,1494,"Harris, Gottlieb and Aufderhar",197548.21,1939869,FXOption
KPW/RSD,71.66,Call,2024-01-02,1495,Cruickshank Inc,264479.14,1212310,FXOption
SOS/XPD,91.33,Put,2028-07-14,1496,"Lockman, Gleason and Block",232138.19,541537,FXOption
MWK/KPW,37.96,Put,2023-01-29,1497,"Boyer, Yost and Tillman",150056.25,1312563,FXOption
HRK/HTG,54.87,Put,2021-07-16,1498,Harris - Tremblay,425840.50,942183,FXOption
YER/SBD,78.73,Put,2031-01-15,1499,"Gerlach, Bayer and Schaden",13245.83,1884834,FXOption
KZT/THB,11.34,Put,2023-12-10,1500,"Schaden, Dicki and Bergstrom",109670.44,763925,FXOption
TTD/TOP,40.62,Call,2027-02-14,1501,Wolf Group,933471.88,366508,FXOption
BZD/SEK,59.74,Put,2028-05-20,1502,"Cronin, Wilkinson and Smith",941129.57,195527,FXOption
ILS/INR,95.04,Put,2029-11-29,1503,Farrell LLC,546478.39,1407767,FXOption
BGN/SYP,15.91,Call,2030-01-28,1504,"Gutkowski, Blanda and Bartell",70337.94,1723146,FXOption
EEK/CNY,28.43,Call,2024-04-08,1505,Erdman - Goodwin,625693.66,476260,FXOption
GBP/ISK,47.91,Call,2025-07-22,1506,Luettgen - Hammes,24928.48,1495180,FXOption
XAF/TRY,87.09,Call,2023-06-08,1507,Reichert - McLaughlin,766556.87,1714654,FXOption
IQD/XCD,46.60,Call,2022-05-07,1508,"Kessler, Simonis and Ebert",811904.07,21186,FXOption
SVC/AFN,32.28,Put,2026-12-12,1509,Maggio - Ratke,417045.87,1493559,FXOption
PEN/MDL,76.84,Call,2024-09-01,1510,Rath and Sons,925376.87,1341863,FXOption
SHP/BOB,21.29,Put,2028-06-13,1511,Beahan and Sons,106718.54,156468,FXOption
CHF/XAF,34.95,Call,2022-03-08,1512,Ankunding - Hammes,245618.35,1579694,FXOption
BTN/GHS,14.11,Put,2024-11-24,1513,"Lowe, O'Connell and Hickle",673777.72,1454456,FXOption
GNF/NZD,33.92,Put,2021-04-18,1514,Breitenberg LLC,895219.46,1235392,FXOption
DKK/BZD,51.41,Call,2028-08-01,1515,"McDermott, Pfeffer and Farrell",267383.46,781272,FXOption
XBA/KPW,35.07,Put,2024-08-18,1516,Feil - Murazik,749506.44,800187,FXOption
PAB/IDR,17.22,Call,2029-08-14,1517,Hermann Inc,313947.87,1812710,FXOption
XTS/BZD,40.64,Call,2024-06-11,1518,Bogisich and Sons,6098.89,1925402,FXOption
WST/BDT,14.57,Call,2023-04-03,1519,Murazik LLC,711937.53,989662,FXOption
EEK/QAR,91.25,Put,2024-09-07,1520,Yundt LLC,820843.24,1443022,FXOption
SVC/PAB,78.68,Put,2025-06-22,1521,"Windler, Olson and Kshlerin",147076.91,1138602,FXOption
SGD/GYD,81.93,Put,2021-06-04,1522,Ankunding Inc,673947.44,890149,FXOption
KHR/PYG,28.46,Call,2028-05-25,1523,Wilkinson and Sons,96482.65,44574,FXOption
YER/CDF,56.49,Call,2030-05-01,1524,Bayer LLC,287467.13,374289,FXOption
ZAR/LAK,14.69,Put,2023-11-04,1525,Herzog - Sanford,645467.43,295690,FXOption
AFN/DJF,38.41,Call,2022-04-30,1526,Botsford - Hansen,226141.46,1322589,FXOption
LSL/KYD,91.50,Call,2025-12-12,1527,Harvey Inc,139509.20,1068160,FXOption
UYU/CRC,80.40,Call,2030-07-26,1528,Rolfson - Trantow,919435.53,182262,FXOption
SGD/HTG,62.63,Put,2022-11-09,1529,"Langosh, Adams and Fahey",957930.26,265606,FXOption
PHP/BOB,16.64,Put,2026-05-05,1530,"Kessler, Satterfield and Auer",118198.17,609494,FXOption
KES/BZD,81.54,Call,2029-05-25,1531,Schmeler - Weber,590206.62,399612,FXOption
UAH/CRC,40.15,Call,2023-09-11,1532,Blick - Dickens,586744.94,656544,FXOption
BRL/XBB,97.26,Put,2026-06-28,1533,Hagenes LLC,805111.65,625793,FXOption
GIP/BTN,93.30,Call,2024-03-14,1534,"Sawayn, Lebsack and Jast",851585.54,418880,FXOption
KPW/TND,47.51,Put,2025-08-24,1535,"Hegmann, Heller and Hartmann",361778.52,1181645,FXOption
GEL/BHD,50.47,Call,2022-09-15,1536,"Johnson, Gibson and Heller",78395.35,260391,FXOption
SLL/BSD,53.89,Call,2029-03-19,1537,Ratke LLC,557479.28,1557218,FXOption
XPF/MMK,47.15,Call,2022-11-25,1538,"Turner, Kris and Windler",370285.11,946706,FXOption
MAD/BYR,16.06,Put,2021-12-23,1539,Wunsch Group,102195.56,300104,FXOption
TRY/TWD,69.55,Put,2027-10-15,1540,"Bauch, Leuschke and Bechtelar",636553.93,1359272,FXOption
ISK/SDG,65.67,Put,2024-05-05,1541,Flatley - Wilkinson,514841.00,1564425,FXOption
THB/KZT,62.89,Put,2023-06-01,1542,Wuckert Inc,213122.33,1463595,FXOption
XPD/XBD,73.37,Call,2029-01-04,1543,Reilly - Mraz,141887.58,1724193,FXOption
XCD/NGN,36.75,Call,2022-03-22,1544,"Sanford, Langosh and Christiansen",437900.29,1481679,FXOption
HNL/USD,90.49,Call,2030-02-15,1545,Runolfsdottir - Green,774457.93,123376,FXOption
PAB/TWD,65.28,Call,2029-06-26,1546,Koepp LLC,557887.59,1839429,FXOption
BGN/THB,99.10,Put,2029-08-04,1547,"Stracke, Davis and Stamm",257291.94,939169,FXOption
HRK/BTN,80.08,Call,2027-03-15,1548,Carter LLC,874391.02,1920473,FXOption
MYR/MKD,11.91,Put,2022-03-04,1549,"Towne, Schmeler and Lehner",314581.33,1656127,FXOption
KRW/MGA,59.19,Call,2023-08-02,1550,Nikolaus - Kirlin,640920.36,1166729,FXOption
RWF/XTS,29.03,Put,2025-07-15,1551,"Becker, Kshlerin and Walker",341964.70,236166,FXOption
HKD/XPD,64.13,Call,2026-02-18,1552,Jacobs Inc,974392.42,765834,FXOption
EEK/IRR,89.05,Call,2029-07-30,1553,"Roberts, Watsica and Rice",479760.15,235296,FXOption
NZD/ZAR,71.03,Put,2029-12-18,1554,Anderson - Volkman,835381.61,634030,FXOption
RON/CZK,12.21,Put,2026-10-27,1555,"Ondricka, Boehm and Gusikowski",239253.80,606212,FXOption
VND/AED,45.00,Call,2026-11-25,1556,"Schoen, Bauch and Hahn",547512.26,375352,FXOption
BZD/BBD,71.16,Put,2030-10-11,1557,Nolan - Streich,390180.51,461924,FXOption
KRW/EGP,81.44,Call,2026-09-30,1558,Price - Baumbach,78538.87,1701898,FXOption
MMK/SZL,41.99,Put,2022-03-07,1559,"Gorczany, Gerlach and Morissette",204477.61,1746003,FXOption
KPW/UZS,7.22,Call,2026-05-08,1560,Wolf - Keebler,67922.34,879654,FXOption
ZWL/EEK,69.66,Put,2028-08-02,1561,Mitchell - Aufderhar,127931.04,216634,FXOption
ISK/ETB,18.57,Put,2024-08-26,1562,Tillman and Sons,631338.67,641002,FXOption
SGD/OMR,1.06,Call,2025-03-10,1563,Greenfelder Group,221184.01,357490,FXOption
RSD/EGP,48.92,Put,2022-01-15,1564,Roberts - Batz,41994.99,716382,FXOption
MVR/MXN,79.78,Call,2028-07-20,1565,Bins LLC,488813.87,1048304,FXOption
BSD/SRD,79.84,Call,2030-07-28,1566,Ondricka LLC,912590.05,1675931,FXOption
KWD/UYU,36.40,Put,2023-10-24,1567,Fadel - Graham,747377.44,461146,FXOption
DZD/PAB,37.09,Put,2028-01-18,1568,Rowe Inc,483671.15,647746,FXOption
SHP/ANG,12.69,Call,2023-02-12,1569,Schumm and Sons,356539.07,1641800,FXOption
TMT/XCD,25.86,Put,2021-11-17,1570,"Kiehn, Lindgren and Rath",489166.63,139309,FXOption
MYR/EEK,58.90,Call,2027-03-19,1571,Leffler Inc,908968.55,846388,FXOption
XTS/XDR,92.65,Call,2026-02-04,1572,Bradtke - Hansen,234365.32,1137764,FXOption
IRR/ZWL,25.43,Put,2025-06-11,1573,"Cronin, Barton and Reichert",705567.92,441698,FXOption
CLP/KYD,39.79,Put,2022-08-13,1574,Morissette Group,945141.89,584494,FXOption
DKK/LKR,92.04,Put,2022-03-06,1575,McLaughlin - Roberts,552655.91,678864,FXOption
IQD/CZK,20.24,Call,2023-01-12,1576,"Roob, O'Reilly and Zieme",46564.23,980436,FXOption
KGS/GIP,27.68,Call,2029-01-09,1577,Dare - Schimmel,261592.16,969032,FXOption
GIP/CNY,36.64,Put,2021-02-25,1578,Heidenreich - Mosciski,178674.20,1139886,FXOption
XPF/XBD,89.87,Put,2029-02-04,1579,Considine LLC,706961.44,712261,FXOption
KGS/XPF,29.11,Put,2029-08-16,1580,Dietrich Group,560434.15,407198,FXOption
KES/AUD,81.72,Call,2025-11-04,1581,Nolan and Sons,377346.79,932833,FXOption
CUC/NOK,8.71,Put,2030-02-18,1582,Smith Inc,293517.21,325562,FXOption
HRK/JMD,5.88,Call,2030-10-30,1583,Hudson - Krajcik,7089.68,475124,FXOption
KPW/UAH,20.09,Put,2023-06-26,1584,Thiel - Langosh,211844.20,1430169,FXOption
AED/RON,39.80,Put,2021-03-16,1585,"Boyer, Jones and Mitchell",581680.01,814813,FXOption
GTQ/BZD,13.30,Put,2021-04-07,1586,"Howe, Hand and Greenholt",796755.17,338493,FXOption
MZN/SLL,36.09,Put,2025-01-20,1587,"Hammes, Stiedemann and Hansen",325458.61,1965863,FXOption
UGX/HRK,72.47,Put,2027-09-07,1588,"Muller, Jakubowski and Wisozk",871785.11,851279,FXOption
XCD/FJD,52.14,Call,2021-09-07,1589,Kris - Kunde,188303.12,1836239,FXOption
BGN/AMD,8.64,Put,2027-09-26,1590,"Waelchi, Gaylord and Brakus",746122.17,508874,FXOption
UAH/GMD,88.26,Put,2024-03-05,1591,Armstrong - Kautzer,699686.48,1777194,FXOption
UGX/BZD,6.48,Call,2027-09-05,1592,Hane Group,978204.34,755006,FXOption
VUV/BWP,17.13,Call,2028-07-23,1593,"Hauck, Ritchie and Bartell",702224.84,300521,FXOption
BBD/LVL,2.95,Put,2021-12-23,1594,Ziemann - Hagenes,925496.78,928583,FXOption
IQD/BSD,36.89,Put,2025-04-10,1595,Rolfson - Hackett,634542.28,1192493,FXOption
JOD/ZWL,73.87,Call,2030-09-09,1596,"Kautzer, Dietrich and Schulist",79591.08,555183,FXOption
AWG/XBD,76.78,Call,2027-07-25,1597,"MacGyver, Kuhic and O'Kon",330825.09,1137898,FXOption
JOD/BOB,77.39,Put,2028-07-05,1598,Lakin - Dooley,586319.31,863132,FXOption
UYU/CUP,66.92,Call,2025-12-26,1599,"Schneider, Hettinger and Effertz",799125.71,996968,FXOption
LSL/FKP,80.72,Call,2021-10-13,1600,Schimmel Group,189182.78,1642669,FXOption
NZD/LVL,84.59,Put,2021-02-04,1601,Grimes - VonRueden,855884.85,1379645,FXOption
KWD/MNT,7.05,Put,2023-02-22,1602,"Erdman, Johns and Willms",757904.06,249764,FXOption
GBP/JOD,61.00,Put,2025-03-29,1603,Crona LLC,441584.17,1425963,FXOption
ILS/BOB,88.67,Call,2024-08-08,1604,"Pacocha, Gutkowski and Boyle",507905.31,888280,FXOption
KPW/SBD,53.52,Put,2028-05-30,1605,"Miller, Hansen and Vandervort",378555.55,1934879,FXOption
LSL/HTG,9.60,Put,2023-06-09,1606,"Rempel, Lueilwitz and Conn",173303.57,829270,FXOption
ETB/RUB,8.73,Call,2025-04-19,1607,Zulauf LLC,113668.23,1721452,FXOption
HRK/GTQ,96.60,Put,2030-03-17,1608,"Howe, Kemmer and Lynch",418552.72,1061812,FXOption
BTN/GBP,94.20,Put,2022-05-27,1609,Fay Group,571713.77,1092122,FXOption
BTN/FKP,10.68,Call,2022-11-21,1610,Braun Inc,549392.16,656148,FXOption
BSD/MZN,75.47,Put,2029-11-29,1611,Hahn - Lueilwitz,10182.63,688322,FXOption
SZL/SOS,54.19,Put,2024-03-23,1612,Christiansen and Sons,704025.24,1886488,FXOption
GEL/IDR,0.84,Call,2021-12-25,1613,Considine - Green,635255.49,1194861,FXOption
TOP/RUB,79.85,Call,2023-05-10,1614,Dooley Group,897027.54,867555,FXOption
TJS/IRR,60.61,Put,2026-09-02,1615,"Larson, Beer and Kuhn",516550.97,254141,FXOption
XCD/KGS,6.32,Put,2028-10-19,1616,"Schiller, Gutkowski and Moen",302611.62,44606,FXOption
KMF/FKP,14.74,Put,2021-12-28,1617,Raynor - Marvin,832854.79,691323,FXOption
TOP/BSD,47.06,Put,2026-01-22,1618,Toy Inc,894036.60,175025,FXOption
LTL/GIP,13.10,Put,2028-10-25,1619,Lemke - Leuschke,346490.82,815200,FXOption
HTG/XBD,68.37,Call,2028-11-20,1620,Cruickshank - O'Conner,216367.06,1704039,FXOption
XBB/DJF,71.23,Call,2023-03-26,1621,Koch and Sons,690962.31,818460,FXOption
CUP/DZD,42.55,Call,2029-09-08,1622,"Weissnat, Mann and Schmidt",170236.40,266006,FXOption
EGP/WST,4.21,Put,2028-07-19,1623,Hintz and Sons,552450.47,299788,FXOption
BAM/UYU,93.75,Call,2026-02-20,1624,Pollich - Conroy,864234.26,1887057,FXOption
NOK/UZS,4.61,Call,2028-04-08,1625,Von - Lubowitz,960204.49,887391,FXOption
BZD/BZD,25.95,Call,2027-09-08,1626,"Gerlach, Waelchi and Ernser",967839.82,171556,FXOption
XOF/DZD,6.91,Call,2024-06-14,1627,"Koss, Hayes and Hickle",253039.00,846894,FXOption
BOB/MUR,38.98,Call,2029-05-15,1628,"McGlynn, Lynch and Fadel",821759.50,744737,FXOption
XBA/VEF,92.79,Put,2028-02-21,1629,Dicki - Dare,769180.57,1840197,FXOption
CUC/CRC,91.34,Put,2029-04-09,1630,"Weissnat, Upton and King",211824.35,1192902,FXOption
FJD/SYP,2.95,Call,2028-03-04,1631,"Jacobs, Hayes and Harvey",665282.44,1487765,FXOption
LTL/MAD,4.04,Call,2024-10-05,1632,Heidenreich - Thiel,148032.64,374872,FXOption
TJS/NZD,77.58,Call,2030-04-05,1633,Moore - Bins,643116.88,1296582,FXOption
USD/KPW,25.48,Put,2022-08-08,1634,Altenwerth - Pacocha,770809.77,1581550,FXOption
MWK/MXN,6.38,Put,2025-03-02,1635,Pagac Group,574429.54,878730,FXOption
FKP/SAR,1.71,Put,2030-09-30,1636,"Swaniawski, Klein and Lang",188711.84,1580587,FXOption
BOB/ILS,34.91,Call,2021-07-26,1637,"Brown, Hauck and Schimmel",493476.19,1350467,FXOption
CZK/BHD,20.71,Call,2026-07-16,1638,"Ryan, Wolff and Wilkinson",642825.70,998882,FXOption
MZN/AED,57.24,Call,2028-07-04,1639,Price LLC,559073.58,327425,FXOption
TJS/XPD,88.58,Put,2025-09-14,1640,Weissnat Inc,566077.27,1264052,FXOption
MNT/EEK,14.74,Call,2028-09-26,1641,O'Kon and Sons,985226.07,1354596,FXOption
CUC/XFU,51.18,Call,2026-04-29,1642,"Rowe, Breitenberg and Mraz",899122.00,1273777,FXOption
ISK/AFN,71.95,Call,2023-08-29,1643,"Haag, Anderson and Prosacco",832870.58,1601100,FXOption
XAF/PGK,34.74,Put,2029-08-09,1644,"Spencer, Haag and Luettgen",274692.58,1236804,FXOption
RON/ZWL,58.84,Call,2021-03-10,1645,Hackett and Sons,833650.50,1111023,FXOption
UYU/SLL,84.69,Call,2022-06-10,1646,"Heller, Graham and Herman",414598.71,566797,FXOption
HUF/INR,57.31,Put,2021-08-08,1647,Rempel Inc,267780.59,630062,FXOption
GEL/ZWL,24.52,Call,2028-04-14,1648,Labadie Group,50239.10,1405911,FXOption
AMD/CZK,86.01,Call,2024-06-05,1649,Franecki Group,806495.13,980414,FXOption
KES/MXN,24.06,Put,2024-04-19,1650,"Kutch, Rau and Rowe",26796.06,1159271,FXOption
GYD/GNF,71.17,Put,2021-02-20,1651,Williamson and Sons,760536.44,1692179,FXOption
XBB/DJF,77.78,Call,2023-12-29,1652,Cassin - Cartwright,915653.66,1964054,FXOption
TMT/DJF,2.34,Put,2022-04-24,1653,Ferry - Armstrong,981232.65,1354012,FXOption
GIP/HRK,4.60,Put,2027-07-08,1654,Abshire - Jacobi,382826.15,232421,FXOption
NOK/UYU,4.47,Call,2027-11-11,1655,"Cormier, Harber and Dickinson",412921.28,749805,FXOption
MGA/BHD,5.89,Call,2022-02-03,1656,"White, Davis and Christiansen",777471.93,1887791,FXOption
SOS/TOP,69.37,Call,2026-09-29,1657,Connelly - Jenkins,482044.30,1454715,FXOption
TZS/MXN,30.23,Call,2022-12-27,1658,McClure Inc,353724.71,1818400,FXOption
ETB/HTG,34.44,Put,2029-04-18,1659,"Kilback, O'Reilly and Oberbrunner",55592.40,437533,FXOption
TJS/XFU,64.74,Call,2029-08-28,1660,Mohr - Mueller,560039.80,378729,FXOption
XOF/TJS,86.83,Put,2022-04-17,1661,Brown - Bashirian,654389.41,736383,FXOption
SZL/KMF,50.88,Call,2025-12-08,1662,"Stroman, Rice and Gusikowski",143581.39,948362,FXOption
OMR/TND,72.02,Put,2021-06-29,1663,Rodriguez - Douglas,548854.92,1944995,FXOption
PEN/ZMK,68.76,Call,2023-11-11,1664,Hartmann - Hane,627824.56,666865,FXOption
WST/HNL,41.65,Call,2028-03-23,1665,Fadel - Thiel,180963.97,1434601,FXOption
BTN/USD,10.55,Call,2025-01-11,1666,Conn - Hilpert,582366.32,4442,FXOption
KES/RSD,81.04,Put,2029-07-13,1667,"Cormier, Block and Haag",126614.02,1070232,FXOption
AMD/UGX,9.80,Call,2024-01-02,1668,"Fay, Anderson and Zboncak",126418.16,1733177,FXOption
SRD/PEN,96.61,Put,2028-12-28,1669,Balistreri Inc,516412.35,1922025,FXOption
MYR/AZN,18.23,Put,2025-09-17,1670,Wilkinson and Sons,321991.74,286794,FXOption
INR/NIO,87.54,Put,2026-01-30,1671,Strosin - Ferry,765527.02,1816344,FXOption
AWG/COP,61.02,Put,2026-10-25,1672,Gulgowski Inc,606592.25,286749,FXOption
GBP/MKD,66.96,Call,2030-11-28,1673,Sporer Inc,890667.49,893835,FXOption
TND/BTN,60.82,Call,2027-01-31,1674,"O'Conner, Nicolas and Nikolaus",771083.74,272420,FXOption
XAG/CRC,9.04,Call,2025-01-24,1675,"Konopelski, Wolf and Moore",994871.63,1850390,FXOption
IDR/HKD,63.32,Put,2029-06-19,1676,Schimmel - Mohr,761841.01,1630688,FXOption
USD/AFN,26.33,Call,2029-02-17,1677,"DuBuque, Stark and Muller",663076.01,781630,FXOption
KYD/IDR,63.71,Put,2025-12-25,1678,"Leannon, Grimes and Hoeger",79376.69,559377,FXOption
HKD/KWD,4.88,Put,2030-10-29,1679,"Lebsack, Bauch and Spencer",32376.97,19478,FXOption
HRK/MNT,4.86,Put,2022-10-17,1680,Stokes and Sons,123884.43,1973633,FXOption
ISK/SOS,6.83,Call,2029-09-30,1681,Kihn - Nicolas,275084.62,626388,FXOption
NGN/TZS,35.82,Put,2029-05-03,1682,Keeling Group,310317.32,659828,FXOption
BSD/XPT,29.25,Put,2022-04-11,1683,"Roob, Balistreri and Ebert",290005.91,872613,FXOption
JPY/MXN,71.94,Put,2027-05-03,1684,Hamill - Bergstrom,302419.57,159314,FXOption
VND/XPF,79.42,Put,2025-02-09,1685,Davis - Pouros,560031.83,1597538,FXOption
KGS/KMF,98.51,Call,2029-11-04,1686,Fadel and Sons,5447.11,1673310,FXOption
XFU/AFN,25.04,Call,2022-11-09,1687,"Ryan, Rogahn and Koss",613370.28,224343,FXOption
HRK/PLN,49.13,Call,2026-11-03,1688,Dooley - Brakus,448495.65,1150620,FXOption
UGX/BAM,46.58,Put,2027-09-18,1689,Towne LLC,638742.45,733038,FXOption
KPW/DOP,94.67,Put,2027-12-12,1690,Spinka - Hettinger,804099.76,1195536,FXOption
ISK/MVR,26.15,Put,2021-11-17,1691,"Little, Fahey and Fritsch",537662.15,45281,FXOption
BZD/UGX,24.71,Put,2023-11-09,1692,Gutkowski - Botsford,619247.19,1773140,FXOption
USD/GMD,85.09,Call,2022-06-25,1693,McGlynn - Dietrich,677715.43,1592599,FXOption
INR/BND,34.41,Put,2025-07-31,1694,"Schneider, O'Conner and Farrell",617473.06,1327966,FXOption
FKP/CUP,71.11,Call,2024-01-23,1695,McDermott Inc,86345.13,1084992,FXOption
MYR/SRD,18.38,Put,2021-12-05,1696,"Jast, Becker and Jacobi",957271.55,59192,FXOption
VUV/AED,22.27,Put,2028-11-02,1697,Wisoky Inc,689515.45,1300509,FXOption
NIO/EUR,57.13,Call,2022-03-17,1698,"Shields, Hills and Hauck",2958.43,1975329,FXOption
QAR/PGK,78.63,Call,2024-09-02,1699,"Raynor, Abshire and Hyatt",596899.70,1657091,FXOption
JOD/XAU,40.02,Call,2022-11-28,1700,Schmeler - Boehm,615615.23,281497,FXOption
BAM/XPT,4.15,Call,2030-11-24,1701,O'Reilly - Schinner,581401.22,1368552,FXOption
BAM/GIP,5.32,Call,2021-06-17,1702,Witting - Mann,278736.20,500476,FXOption
MYR/EUR,38.73,Call,2029-07-19,1703,Zboncak - Hills,742850.60,924586,FXOption
AZN/DJF,81.41,Put,2030-03-15,1704,Dach - Ward,651500.98,641097,FXOption
EEK/TRY,36.57,Call,2021-11-05,1705,"Medhurst, Schneider and Swaniawski",547807.99,787668,FXOption
AZN/BSD,11.24,Put,2029-02-23,1706,"Hettinger, Spinka and Tromp",532020.14,593417,FXOption
XBD/XPT,19.68,Call,2029-08-15,1707,Schaefer Inc,441415.38,84794,FXOption
LYD/CVE,6.85,Call,2024-06-24,1708,Goldner LLC,994743.67,372464,FXOption
BIF/STN,78.82,Call,2028-08-22,1709,Russel Inc,522823.38,1618932,FXOption
SRD/BOB,35.16,Put,2024-03-29,1710,"Schmidt, Williamson and Conn",399198.86,34581,FXOption
CZK/XBB,34.61,Put,2029-01-26,1711,Fadel LLC,698518.90,181280,FXOption
SBD/NPR,63.20,Call,2030-08-11,1712,Rutherford and Sons,545603.95,848164,FXOption
GYD/LYD,59.56,Put,2022-10-07,1713,Kiehn LLC,785181.56,680858,FXOption
MUR/LBP,82.43,Put,2028-04-07,1714,Raynor Inc,603412.07,1705431,FXOption
NPR/NIO,97.53,Call,2024-04-15,1715,"Kihn, Will and Gulgowski",643957.82,57896,FXOption
MKD/USD,35.84,Put,2028-11-09,1716,Jacobi - Cremin,676103.12,1457987,FXOption
STN/SVC,69.29,Call,2029-10-31,1717,Dare Inc,769925.48,668590,FXOption
JPY/CAD,31.16,Put,2028-03-04,1718,"Veum, Bernier and Hamill",728160.72,966623,FXOption
WST/XDR,12.38,Put,2021-05-01,1719,Stamm - Moen,614283.04,637964,FXOption
XBC/MMK,31.00,Put,2023-11-18,1720,Weissnat - Daniel,535523.83,530665,FXOption
UGX/XPF,24.58,Put,2022-04-08,1721,"Bradtke, Botsford and Hickle",561655.00,656208,FXOption
KWD/CHF,1.53,Put,2029-11-05,1722,Bernhard Group,689783.75,659452,FXOption
XBA/TMT,46.32,Put,2026-10-31,1723,Stark - Mertz,312853.68,1943736,FXOption
ERN/AWG,99.09,Put,2021-06-09,1724,"Bartell, Stoltenberg and Abernathy",520749.24,1505938,FXOption
UYU/XOF,46.48,Call,2024-10-13,1725,"Ullrich, Weber and Johnston",872594.68,741011,FXOption
AWG/NIO,43.18,Call,2021-08-06,1726,Aufderhar - Harris,249287.69,1000328,FXOption
CNY/MZN,20.08,Call,2022-02-08,1727,"Flatley, Streich and Armstrong",206481.52,1600801,FXOption
BMD/MMK,93.69,Call,2026-05-09,1728,"Stamm, Pollich and Welch",659991.82,1787387,FXOption
GBP/ETB,19.00,Put,2025-09-14,1729,Leuschke - Murazik,840950.33,1346247,FXOption
RON/MXN,67.67,Call,2024-08-31,1730,"Kunde, Durgan and Ondricka",69963.19,807805,FXOption
GNF/USD,15.84,Put,2025-12-24,1731,Glover LLC,173604.21,1280103,FXOption
ISK/BTN,12.73,Call,2030-01-19,1732,Will LLC,736412.52,657684,FXOption
LTL/GEL,59.01,Call,2025-12-23,1733,Nikolaus and Sons,856829.87,706473,FXOption
BBD/RON,3.31,Call,2030-09-27,1734,"Gibson, Cummings and Stamm",238256.04,533624,FXOption
PLN/XDR,74.14,Call,2021-03-27,1735,Witting LLC,868943.73,1075306,FXOption
TRY/SCR,82.06,Call,2022-08-22,1736,Satterfield - Barton,253232.03,1255712,FXOption
TND/SEK,49.82,Call,2021-09-12,1737,Ortiz Inc,950057.99,1709898,FXOption
TWD/NAD,81.55,Call,2029-06-05,1738,"Botsford, Waters and Vandervort",979246.66,1335847,FXOption
NIO/NZD,46.16,Put,2024-09-03,1739,"Krajcik, Cole and Langworth",481216.68,267167,FXOption
ALL/STN,93.54,Put,2025-05-15,1740,"Weissnat, Cruickshank and Hettinger",915007.21,1406459,FXOption
XTS/ZMK,71.77,Call,2021-02-16,1741,"Mitchell, Heidenreich and Stanton",124863.26,548552,FXOption
PYG/BSD,88.77,Put,2027-01-30,1742,"Jacobs, Dickinson and Walsh",436744.45,748050,FXOption
BOB/ZAR,6.67,Put,2030-01-27,1743,"Emmerich, Zboncak and Rogahn",616019.01,1505764,FXOption
AFN/HKD,65.06,Put,2025-10-07,1744,Sauer LLC,165150.68,1266789,FXOption
FKP/PHP,9.34,Put,2029-03-28,1745,"Luettgen, Glover and Ruecker",169124.94,1979983,FXOption
IRR/PYG,20.72,Put,2029-11-29,1746,Renner Group,130802.96,1716975,FXOption
GBP/SOS,64.71,Call,2029-01-26,1747,"Jones, Rogahn and Feeney",413854.98,791183,FXOption
NAD/KWD,76.28,Call,2029-07-03,1748,Hammes Inc,662076.90,1439979,FXOption
AOA/THB,63.11,Call,2027-09-11,1749,"Boehm, Homenick and Borer",49304.16,1556854,FXOption
MNT/SVC,59.47,Put,2031-01-09,1750,Treutel - Turner,134395.95,1043212,FXOption
SRD/LBP,13.86,Call,2024-12-28,1751,Armstrong - Haag,947343.38,822186,FXOption
BTN/BZD,36.46,Call,2027-03-31,1752,Bauch - Jenkins,965113.82,675708,FXOption
BOB/MMK,19.85,Put,2025-08-18,1753,"Armstrong, Conn and Schimmel",546089.12,845157,FXOption
BGN/CAD,63.84,Put,2021-06-10,1754,Stanton and Sons,527106.39,134965,FXOption
LTL/XOF,79.68,Call,2022-08-17,1755,Fisher - Klein,999062.16,1089837,FXOption
XAF/MDL,40.13,Put,2030-12-17,1756,Wolff - Rosenbaum,934142.73,861198,FXOption
LSL/KRW,27.05,Put,2023-12-18,1757,"Weimann, Weber and Leannon",276379.54,386408,FXOption
TOP/AED,93.46,Put,2022-10-04,1758,"McClure, Osinski and Harber",776515.30,1374313,FXOption
LYD/BMD,18.81,Put,2026-09-29,1759,Bergstrom and Sons,190431.13,181838,FXOption
XFU/SGD,35.19,Put,2026-03-09,1760,Jacobs - Muller,696172.06,606944,FXOption
BHD/NPR,65.38,Put,2022-12-30,1761,Streich - Huel,664515.25,795050,FXOption
VUV/DOP,8.60,Call,2022-02-06,1762,Becker - Koss,210070.97,1793539,FXOption
CRC/AUD,63.33,Put,2025-10-23,1763,Bode - Reichert,256023.53,153472,FXOption
CRC/RSD,63.66,Call,2029-01-02,1764,O'Conner and Sons,668115.73,410131,FXOption
XFU/KGS,79.94,Put,2025-05-28,1765,"Kihn, Zieme and Stark",342073.59,1192368,FXOption
CAD/BYR,58.82,Call,2023-04-03,1766,Fritsch - Bartoletti,158866.85,888265,FXOption
TOP/AED,71.98,Put,2023-01-10,1767,"Davis, Kertzmann and Nolan",750503.95,1260875,FXOption
WST/XBD,48.03,Put,2023-07-15,1768,Boyle LLC,898392.91,173468,FXOption
MDL/SYP,3.22,Call,2026-06-22,1769,"Bauch, Baumbach and Kerluke",399968.11,780646,FXOption
DJF/NIO,96.57,Call,2022-06-02,1770,Wintheiser - Walker,262545.38,1119956,FXOption
KYD/FJD,35.76,Call,2023-10-24,1771,Ferry Inc,344032.81,304393,FXOption
JMD/DJF,35.06,Call,2023-06-24,1772,Witting and Sons,137491.84,281076,FXOption
BYR/QAR,63.59,Put,2026-05-05,1773,Pfeffer LLC,533412.37,1435017,FXOption
TRY/XBC,9.11,Put,2023-07-23,1774,Larkin Inc,222760.41,1508902,FXOption
NPR/MVR,78.61,Call,2022-04-20,1775,Jacobson Group,318555.13,1880921,FXOption
NGN/NOK,62.66,Put,2021-04-09,1776,"Fisher, Reinger and Sporer",164995.73,784473,FXOption
VND/CUP,38.31,Call,2024-06-14,1777,Sipes - Mohr,898904.21,1187110,FXOption
XDR/HTG,59.29,Put,2022-03-19,1778,Brakus and Sons,41174.36,1682707,FXOption
FKP/AZN,36.24,Call,2023-04-10,1779,"Langworth, Hessel and Orn",81546.49,1578350,FXOption
CDF/KHR,34.71,Call,2028-07-06,1780,Fay - Corkery,624448.51,1144787,FXOption
KMF/TRY,32.36,Call,2025-09-15,1781,Schaden - Parker,878713.39,277907,FXOption
LBP/XOF,81.74,Put,2029-02-12,1782,Langworth and Sons,919600.49,222772,FXOption
WST/CHF,41.67,Put,2023-10-08,1783,Aufderhar Inc,170487.60,1307901,FXOption
RUB/TND,94.29,Call,2024-09-22,1784,"Franecki, Hills and Dooley",469757.86,1458106,FXOption
DZD/MGA,10.19,Put,2023-03-03,1785,"Tromp, Wiza and Hackett",951463.07,1566030,FXOption
MGA/DZD,26.47,Call,2023-10-07,1786,Corwin - Friesen,382430.25,1333466,FXOption
ERN/KYD,38.20,Call,2028-12-29,1787,Paucek and Sons,759347.45,287276,FXOption
VND/SCR,9.09,Put,2030-05-11,1788,"Kessler, Champlin and Huel",121305.58,289505,FXOption
XPF/BHD,6.24,Put,2022-09-27,1789,Marks and Sons,703088.20,438116,FXOption
MUR/TTD,53.66,Call,2028-11-04,1790,"Boyer, Blick and Parisian",215610.84,1290340,FXOption
VEF/FJD,52.22,Put,2027-07-27,1791,Beer LLC,103629.46,46192,FXOption
ALL/AZN,92.45,Call,2024-01-09,1792,Heaney and Sons,887381.56,229335,FXOption
AWG/SEK,90.57,Call,2026-01-26,1793,Murazik LLC,196394.43,687188,FXOption
NGN/NOK,19.61,Put,2022-01-15,1794,"Luettgen, Corwin and Rutherford",857280.76,1024278,FXOption
NOK/TND,10.13,Call,2027-05-22,1795,Larson - Bauch,504383.54,1510494,FXOption
MNT/SYP,97.16,Call,2022-07-03,1796,"Flatley, Johns and Schroeder",684015.16,941819,FXOption
SDG/AOA,60.23,Call,2025-05-04,1797,Harvey LLC,619651.55,380128,FXOption
SAR/NGN,45.68,Put,2030-04-13,1798,"Donnelly, Leuschke and Satterfield",109248.07,1091379,FXOption
COP/AUD,5.61,Call,2029-06-20,1799,"Senger, Altenwerth and Hahn",736828.17,1919998,FXOption
MXN/XAG,76.21,Call,2026-01-24,1800,"Kovacek, Larson and Deckow",413230.15,1769556,FXOption
MYR/XDR,83.94,Put,2022-10-19,1801,Crist Inc,878052.94,65386,FXOption
GTQ/KYD,75.16,Put,2029-08-23,1802,Lubowitz Inc,512234.38,1236723,FXOption
FJD/XDR,13.23,Call,2029-02-23,1803,Mosciski - Labadie,244714.06,132226,FXOption
VEF/FKP,85.88,Put,2030-05-09,1804,Crona - Haag,663146.72,1574870,FXOption
XCD/INR,66.98,Put,2029-01-09,1805,Emmerich LLC,709697.70,1463441,FXOption
KHR/PLN,79.91,Put,2029-03-14,1806,Christiansen Group,937905.37,1669491,FXOption
BAM/ERN,49.17,Put,2028-04-28,1807,Schimmel - Bartoletti,149543.42,1881002,FXOption
CHF/XPF,79.44,Call,2026-03-17,1808,Mertz Group,258436.72,890579,FXOption
EUR/BTN,82.85,Call,2024-10-09,1809,"Gerhold, Hauck and Fay",910075.07,887404,FXOption
CUP/MKD,76.92,Put,2027-10-03,1810,Bayer - Crona,950793.87,647028,FXOption
PKR/LVL,68.11,Put,2025-10-01,1811,"Welch, Bartoletti and Lind",518561.28,614701,FXOption
TRY/EGP,49.70,Put,2029-03-07,1812,Orn Group,390393.36,911749,FXOption
RON/GTQ,12.18,Call,2030-10-07,1813,Hermiston - Macejkovic,569701.95,1095912,FXOption
GNF/SAR,39.16,Put,2022-06-10,1814,Sporer and Sons,29510.84,625439,FXOption
GHS/MWK,86.76,Call,2024-11-25,1815,"Corkery, Turcotte and Heidenreich",183336.95,760589,FXOption
LKR/YER,97.08,Call,2027-06-27,1816,Stiedemann Group,207393.66,1179788,FXOption
CVE/USD,7.80,Call,2022-07-31,1817,Rath - Barton,831666.50,882508,FXOption
DKK/ISK,16.77,Put,2024-11-08,1818,"Hessel, Doyle and Abernathy",515971.86,906630,FXOption
RSD/TZS,72.27,Put,2029-05-26,1819,McGlynn Inc,753045.35,1975219,FXOption
VUV/MGA,74.23,Call,2022-12-07,1820,Kunze - Gleichner,503611.49,871072,FXOption
PYG/TND,69.14,Call,2022-06-11,1821,Raynor - Goldner,430477.98,1823132,FXOption
BWP/XAF,7.86,Put,2025-08-11,1822,Schmitt - Gislason,592281.31,234457,FXOption
VUV/XOF,50.00,Put,2021-11-19,1823,Hermiston and Sons,387588.03,854712,FXOption
GYD/SHP,84.15,Put,2024-06-02,1824,"Nolan, Wunsch and Ward",264690.74,1074411,FXOption
EEK/RSD,38.68,Put,2024-03-04,1825,McGlynn LLC,140798.34,1235845,FXOption
JOD/XAG,0.34,Put,2021-07-16,1826,Green - Orn,429429.46,255333,FXOption
TZS/HRK,32.76,Put,2026-11-15,1827,Monahan LLC,564524.59,1876335,FXOption
SZL/SRD,24.68,Put,2029-03-03,1828,Ferry Inc,633888.11,1775322,FXOption
ILS/GYD,50.08,Call,2022-06-14,1829,Bruen Group,597988.44,519962,FXOption
MKD/AOA,0.70,Put,2023-02-07,1830,Reichel - Schinner,618564.62,1184369,FXOption
CNY/AOA,54.18,Put,2024-08-27,1831,"Heidenreich, Schoen and Kuphal",831413.72,400247,FXOption
USD/XPT,30.49,Put,2026-11-27,1832,Dickinson - Jerde,453128.34,358663,FXOption
MAD/AUD,36.76,Put,2028-06-02,1833,"Dickens, Kihn and Homenick",435432.00,884345,FXOption
GBP/SZL,5.99,Call,2022-12-06,1834,Anderson LLC,915779.01,613250,FXOption
CNY/KGS,68.03,Put,2021-11-22,1835,"Satterfield, Kuhic and Schiller",526739.62,764740,FXOption
BRL/JOD,75.78,Put,2027-10-09,1836,Greenfelder - Bergstrom,156846.82,730016,FXOption
RUB/MOP,87.26,Call,2026-09-30,1837,Mueller Group,593436.91,363698,FXOption
XPT/NIO,90.87,Call,2021-09-03,1838,Jacobi Inc,873213.01,822286,FXOption
SGD/RON,75.90,Call,2030-06-29,1839,Pfeffer - O'Hara,37339.56,849747,FXOption
CHF/MYR,19.90,Put,2024-07-12,1840,Gutkowski - Larson,288673.13,1569974,FXOption
DOP/BAM,19.37,Call,2028-07-14,1841,Lindgren - Bruen,894834.06,914840,FXOption
LTL/ZAR,87.64,Call,2022-10-06,1842,Kuhlman - Price,334475.40,726930,FXOption
XPD/XAF,93.74,Call,2021-12-17,1843,Satterfield Group,412263.23,1632567,FXOption
BIF/MYR,75.80,Call,2026-11-16,1844,Hudson - Maggio,357070.65,1414039,FXOption
XAG/NPR,18.15,Call,2030-05-01,1845,Kozey - Ankunding,534732.69,1252516,FXOption
UZS/NZD,70.09,Put,2021-11-11,1846,Powlowski Inc,886209.78,1381538,FXOption
BZD/XDR,34.10,Call,2027-05-09,1847,Cassin - Braun,490916.65,40802,FXOption
SZL/JOD,78.61,Call,2030-05-28,1848,"Effertz, Gulgowski and Wisoky",800860.33,1078269,FXOption
RUB/RON,85.70,Put,2025-11-12,1849,"Anderson, Schamberger and Bernier",692664.58,719292,FXOption
MGA/LTL,95.93,Put,2023-09-16,1850,"Bergstrom, Stoltenberg and Lemke",367975.54,1044934,FXOption
BHD/CDF,8.47,Put,2023-03-17,1851,Howe - Witting,398070.80,128869,FXOption
KHR/HNL,78.00,Put,2023-07-18,1852,Daniel LLC,114886.83,630929,FXOption
FKP/COP,24.30,Call,2029-11-22,1853,"Schinner, Batz and Lesch",230552.31,208913,FXOption
GMD/GMD,59.19,Put,2026-03-23,1854,"Blanda, Corkery and Hessel",404907.02,196034,FXOption
KGS/AWG,10.13,Put,2022-12-14,1855,Williamson LLC,890522.51,445243,FXOption
CNY/XTS,81.60,Put,2030-11-19,1856,"McKenzie, Sawayn and Steuber",346175.95,878835,FXOption
SVC/XBC,32.33,Call,2021-05-27,1857,Morissette Inc,99653.61,987859,FXOption
ZWL/HTG,88.18,Call,2029-08-08,1858,Cronin - Zulauf,529726.80,162477,FXOption
INR/MDL,5.87,Call,2027-08-30,1859,Powlowski LLC,261179.59,975166,FXOption
HUF/INR,79.09,Put,2028-05-12,1860,Sanford - Lesch,930689.81,1869345,FXOption
KMF/TMT,32.53,Call,2023-09-24,1861,Sanford Inc,222073.50,116559,FXOption
AMD/XBC,61.22,Call,2022-05-20,1862,"Blick, Windler and Stoltenberg",700069.98,1274973,FXOption
BBD/NOK,73.76,Put,2027-06-15,1863,"O'Reilly, Ullrich and Cormier",878912.73,1252287,FXOption
IQD/CZK,5.88,Call,2026-11-08,1864,Dickens Group,363705.06,1078961,FXOption
EEK/GMD,32.06,Call,2025-08-02,1865,"Erdman, Gusikowski and Gerhold",812671.09,1343216,FXOption
BDT/CRC,80.26,Put,2028-04-02,1866,Johns - Greenfelder,113186.39,499309,FXOption
XAG/HTG,9.81,Put,2027-08-05,1867,Schmitt - Gottlieb,924969.26,1547502,FXOption
NZD/XAU,6.62,Put,2030-08-15,1868,Lueilwitz - Bergstrom,58226.33,892802,FXOption
THB/RWF,25.05,Call,2023-12-23,1869,Johnson Inc,370367.55,1111261,FXOption
KGS/AMD,33.23,Put,2021-06-19,1870,Gerhold Group,450759.14,532059,FXOption
IDR/EEK,66.70,Call,2027-07-05,1871,"Dooley, Ortiz and Roberts",625288.02,90436,FXOption
OMR/XBC,36.96,Call,2031-01-27,1872,Stanton Group,432615.26,222391,FXOption
SAR/OMR,79.25,Put,2021-05-15,1873,Schowalter and Sons,683156.51,595260,FXOption
STN/KWD,74.51,Call,2026-03-08,1874,Balistreri - Dach,942589.06,197753,FXOption
KES/LSL,1.81,Put,2022-08-17,1875,McDermott - Oberbrunner,117461.49,1823548,FXOption
JMD/GYD,6.04,Call,2024-05-10,1876,Windler Inc,582525.67,1616971,FXOption
RUB/XOF,33.41,Call,2024-09-13,1877,"Kiehn, Nienow and Beer",620901.69,171766,FXOption
CLP/EGP,77.14,Put,2029-12-19,1878,Stokes LLC,750290.93,1005068,FXOption
NAD/NGN,13.42,Call,2028-02-24,1879,Nienow - Farrell,472431.19,1194593,FXOption
XPD/NIO,49.65,Put,2029-05-04,1880,Johnson - Cronin,690305.95,23957,FXOption
BND/LAK,83.22,Call,2024-02-20,1881,Paucek Group,628924.86,1899076,FXOption
TRY/KES,58.58,Call,2021-04-25,1882,Green and Sons,637323.89,273851,FXOption
SRD/SBD,88.54,Put,2028-06-18,1883,Schneider LLC,929243.77,1579782,FXOption
XBD/UYU,59.92,Call,2026-04-21,1884,Ritchie - West,159338.88,1347765,FXOption
BIF/LSL,52.18,Call,2026-08-12,1885,Roob - Shields,477431.12,710151,FXOption
EGP/AZN,86.32,Call,2029-06-19,1886,Abernathy - Kozey,728997.37,1278688,FXOption
HTG/HUF,27.95,Call,2030-09-17,1887,Mayert - Botsford,749811.94,1314557,FXOption
ZAR/CDF,57.45,Put,2028-01-14,1888,"Schroeder, Berge and Lehner",572773.63,671782,FXOption
FKP/DKK,52.01,Put,2025-06-13,1889,Harris LLC,19980.45,1140249,FXOption
BGN/TZS,1.61,Put,2028-07-28,1890,"Rowe, Hammes and Borer",946496.17,1323868,FXOption
XPD/CHF,30.36,Put,2023-09-05,1891,Harris - Fritsch,726113.02,1879935,FXOption
MWK/SLL,8.72,Call,2021-10-16,1892,Conroy and Sons,226183.68,493785,FXOption
KWD/PEN,67.38,Call,2030-01-20,1893,"Leffler, Hilll and Wolf",50363.64,1487117,FXOption
GEL/GIP,63.00,Call,2024-04-29,1894,West - Bernhard,619720.17,2739,FXOption
XAG/VND,70.00,Call,2022-01-22,1895,Dare Group,693359.13,1234691,FXOption
GBP/RSD,19.65,Put,2026-02-01,1896,"Welch, Mueller and Weimann",32146.89,1928035,FXOption
BTN/NZD,24.56,Call,2023-12-02,1897,Hettinger - Mayert,730365.27,393677,FXOption
KHR/GEL,43.31,Put,2029-09-02,1898,Rogahn - Bernhard,543007.09,698888,FXOption
BYR/NGN,3.69,Put,2021-02-11,1899,"Mayer, Lowe and Mertz",613656.84,649893,FXOption
BTN/XTS,42.07,Call,2026-04-02,1900,Senger - Lehner,586716.97,1629419,FXOption
MVR/JOD,68.29,Put,2026-07-15,1901,Schultz - Veum,275920.87,397243,FXOption
TWD/LSL,11.67,Call,2029-10-17,1902,Hauck Group,603773.77,109870,FXOption
XCD/MOP,95.63,Call,2026-06-03,1903,Durgan and Sons,818146.03,48500,FXOption
SYP/PHP,32.03,Put,2025-03-25,1904,Anderson and Sons,321510.95,944400,FXOption
XBB/XDR,53.22,Call,2021-02-03,1905,"Turner, Kulas and Anderson",375339.72,193882,FXOption
BMD/ETB,27.57,Call,2021-03-27,1906,"Lowe, Goyette and Ferry",245628.97,1067994,FXOption
NPR/BYR,29.33,Put,2022-11-02,1907,Kuphal LLC,230382.56,1989698,FXOption
KWD/XDR,2.15,Call,2027-03-13,1908,"Bradtke, Labadie and Bruen",717946.40,540239,FXOption
BHD/DZD,22.74,Call,2026-07-04,1909,Okuneva - Kozey,463561.26,123813,FXOption
HTG/CAD,10.16,Put,2024-01-27,1910,Romaguera and Sons,756294.15,1984860,FXOption
TJS/BWP,52.76,Put,2023-09-19,1911,Shanahan LLC,145032.90,895979,FXOption
USD/CZK,76.68,Put,2030-05-30,1912,Gaylord and Sons,16079.32,1231317,FXOption
DJF/ILS,72.55,Call,2030-05-27,1913,"Bergstrom, Nader and Medhurst",561635.68,693532,FXOption
HNL/ALL,28.40,Put,2030-09-03,1914,"Reichert, Schumm and Denesik",707432.47,1865914,FXOption
BZD/CHF,13.64,Call,2024-11-09,1915,"Toy, Roberts and Torp",350779.99,555533,FXOption
BND/MXN,76.60,Call,2029-02-04,1916,"Towne, D'Amore and Dickinson",132911.87,1167128,FXOption
XBC/XBC,87.25,Put,2028-08-02,1917,Kutch - Lemke,586518.74,1661726,FXOption
RSD/ZWL,93.25,Put,2023-04-01,1918,DuBuque - Brakus,741429.70,1700472,FXOption
MGA/TRY,74.48,Put,2030-03-22,1919,"Waelchi, O'Kon and Weimann",928616.87,25634,FXOption
ILS/SYP,44.66,Call,2023-05-28,1920,Treutel LLC,538243.51,489241,FXOption
BBD/KYD,28.27,Call,2030-02-23,1921,Murazik LLC,223769.66,1364850,FXOption
UYU/NIO,65.79,Call,2029-04-05,1922,Lowe - Fay,534938.65,868021,FXOption
GTQ/LBP,20.32,Call,2027-02-19,1923,Champlin Group,932904.55,729456,FXOption
GIP/BZD,71.62,Put,2023-07-17,1924,Kuhic Group,325064.66,1065517,FXOption
PKR/RON,9.72,Call,2022-02-13,1925,Larson Group,808989.87,163807,FXOption
TND/NGN,85.93,Put,2024-10-18,1926,"Breitenberg, Murphy and Spencer",141175.91,273035,FXOption
MWK/XBB,0.24,Put,2022-06-28,1927,Pagac LLC,874075.40,299234,FXOption
ANG/UZS,71.97,Call,2027-07-06,1928,"Jenkins, Terry and Harber",588679.11,581281,FXOption
CAD/CUP,39.64,Put,2026-02-04,1929,Doyle LLC,125204.20,1715508,FXOption
XFU/XFU,8.01,Call,2028-09-09,1930,"Swift, Heaney and Schultz",840704.76,507153,FXOption
MUR/UYU,76.32,Call,2028-06-02,1931,"Price, Torp and Powlowski",751830.07,1020729,FXOption
GIP/KHR,72.11,Put,2027-02-19,1932,"Farrell, Cormier and Kozey",21897.54,1498143,FXOption
STN/ARS,9.26,Put,2030-04-08,1933,Aufderhar LLC,533994.49,1027683,FXOption
BND/PGK,63.15,Put,2026-08-01,1934,"Gottlieb, Collins and Labadie",678272.07,861112,FXOption
EEK/CUP,64.07,Call,2027-09-05,1935,"Raynor, Considine and Buckridge",666689.23,735451,FXOption
DOP/ZWL,80.45,Put,2029-02-28,1936,Hane - Lowe,864899.33,315769,FXOption
HUF/HKD,18.56,Call,2028-12-05,1937,"Kutch, Stamm and White",13819.66,1938085,FXOption
KHR/UYU,38.05,Put,2029-02-17,1938,Turcotte and Sons,302098.11,784606,FXOption
XPT/TWD,27.28,Put,2029-12-15,1939,Wuckert Group,789686.56,1623238,FXOption
CNY/PLN,39.84,Put,2029-12-14,1940,"Robel, Bernhard and Abernathy",217360.37,597577,FXOption
DKK/MWK,76.55,Call,2029-01-28,1941,Swift - Wiegand,433660.29,847109,FXOption
AED/CHF,20.22,Put,2021-03-18,1942,Abernathy - Runolfsdottir,536883.52,1041555,FXOption
UGX/HRK,8.47,Call,2022-01-05,1943,Gulgowski Inc,262746.14,627419,FXOption
BND/XAU,35.61,Put,2024-12-16,1944,Wunsch Group,39452.26,1646861,FXOption
SOS/GNF,46.60,Call,2028-01-16,1945,Lakin Inc,488554.43,806576,FXOption
CHF/SHP,68.83,Put,2022-04-12,1946,Klein and Sons,357701.96,1643017,FXOption
BHD/SHP,71.35,Call,2025-03-26,1947,"Kris, Osinski and Lubowitz",955576.46,884169,FXOption
PYG/VND,57.45,Put,2026-05-12,1948,"Schulist, Goodwin and Goyette",538569.86,420043,FXOption
MWK/DOP,66.58,Call,2024-11-06,1949,Schmidt - Fisher,743294.52,1194655,FXOption
MOP/MNT,96.12,Put,2027-08-12,1950,Schmeler Group,772408.04,1671046,FXOption
BGN/GHS,94.79,Put,2021-10-06,1951,"Goyette, Dare and Durgan",636836.84,223504,FXOption
GTQ/DKK,84.47,Put,2026-04-29,1952,Berge - Bahringer,90200.36,1742311,FXOption
KHR/MDL,70.31,Call,2027-10-19,1953,Batz Group,566225.74,33752,FXOption
AOA/BOB,48.58,Put,2025-11-24,1954,"Waelchi, White and Brown",107106.45,1247219,FXOption
RUB/XTS,22.59,Call,2024-04-13,1955,"Hagenes, Hintz and Pollich",735258.18,1661538,FXOption
PKR/PAB,69.09,Put,2026-10-13,1956,Bins LLC,242641.71,528947,FXOption
XBC/NAD,24.77,Call,2023-11-19,1957,Weissnat Group,624993.56,227987,FXOption
MOP/WST,28.12,Put,2026-12-22,1958,Baumbach - Marquardt,329762.27,1459738,FXOption
KES/VND,35.93,Call,2024-12-17,1959,"King, Schneider and Sauer",792142.98,1751714,FXOption
BBD/PAB,91.93,Put,2028-01-25,1960,"Veum, Hermiston and Kihn",365942.59,887409,FXOption
MGA/SHP,76.60,Call,2024-06-20,1961,"Emard, Rosenbaum and Bogan",501435.04,750889,FXOption
EGP/MAD,11.86,Put,2029-12-16,1962,"Spencer, Simonis and Conn",148164.55,1665835,FXOption
INR/BMD,81.10,Put,2027-09-02,1963,Maggio - Christiansen,216441.50,1774831,FXOption
SDG/IQD,3.13,Put,2024-08-04,1964,Bahringer LLC,590469.97,49677,FXOption
OMR/DZD,29.53,Call,2023-05-26,1965,Corkery - Powlowski,166191.52,1028783,FXOption
CUC/XPT,28.50,Call,2025-12-14,1966,McClure - Shields,53166.85,1190425,FXOption
TZS/HNL,54.72,Call,2022-04-25,1967,Wilkinson - Parisian,430759.38,1239765,FXOption
VUV/YER,70.22,Call,2023-10-27,1968,"Krajcik, Runolfsson and Funk",269519.29,946518,FXOption
KYD/ZWL,83.06,Call,2028-08-03,1969,"Mayert, Gorczany and Gerhold",545367.09,388259,FXOption
FJD/MRO,69.51,Put,2023-12-05,1970,Douglas - Adams,667640.03,934521,FXOption
MYR/TMT,12.20,Put,2024-04-24,1971,Braun LLC,940754.59,1627228,FXOption
JPY/COP,7.44,Put,2027-05-01,1972,Effertz - Ankunding,826965.91,753218,FXOption
MWK/ERN,60.18,Put,2021-02-19,1973,Greenholt - Hirthe,773980.06,1860327,FXOption
LKR/SVC,31.53,Put,2028-05-23,1974,Adams - Yundt,454472.04,1259159,FXOption
HRK/CUC,18.01,Call,2023-12-28,1975,Swift - Lakin,761420.16,1013654,FXOption
XAF/SLL,74.66,Call,2021-03-08,1976,Kozey Inc,405318.24,259683,FXOption
MYR/DZD,55.90,Put,2023-01-19,1977,Davis Inc,716683.15,1143157,FXOption
RUB/TMT,61.40,Put,2023-10-01,1978,Stokes - Heathcote,6641.20,431372,FXOption
XPD/XOF,58.39,Put,2024-04-29,1979,Bergstrom - Hagenes,943261.98,1037549,FXOption
SVC/TND,19.00,Call,2030-05-20,1980,"Adams, Haag and Kub",290184.76,966026,FXOption
BYR/BAM,19.00,Call,2025-08-02,1981,Wunsch - Howell,413519.11,458866,FXOption
WST/COP,19.81,Put,2027-04-29,1982,Kris and Sons,873998.37,525554,FXOption
MVR/VND,71.64,Put,2028-05-26,1983,Feest - King,160460.14,1282248,FXOption
XCD/MNT,28.95,Put,2029-03-31,1984,"Kassulke, Hauck and Kunde",744957.52,168326,FXOption
XBA/NZD,2.77,Put,2027-03-11,1985,Swift - Okuneva,626534.02,1058660,FXOption
MOP/DZD,77.25,Call,2027-10-27,1986,Mann - Greenholt,465295.61,793072,FXOption
CAD/XBD,12.91,Put,2022-11-12,1987,Koch - Lehner,96711.88,1385120,FXOption
INR/TMT,53.39,Put,2022-03-12,1988,Upton - Schowalter,764475.59,493714,FXOption
VEF/AUD,2.92,Put,2024-07-24,1989,Pfeffer Inc,336371.61,807721,FXOption
HUF/MWK,93.41,Put,2024-12-09,1990,"Rosenbaum, Morar and Lockman",527187.74,1873106,FXOption
SVC/MMK,21.88,Put,2021-06-09,1991,Stanton - Ondricka,941679.66,1367477,FXOption
CUC/SAR,83.37,Put,2022-01-23,1992,"Olson, Ankunding and Auer",658163.22,673432,FXOption
EGP/GTQ,1.63,Put,2023-05-05,1993,"Murray, Gaylord and Torp",293530.37,521490,FXOption
SGD/BND,51.61,Call,2029-03-07,1994,"Parker, Russel and Spencer",458435.65,789868,FXOption
NPR/CDF,86.88,Call,2022-01-30,1995,"Abbott, Boyer and Mills",529181.44,1738154,FXOption
JMD/LYD,29.07,Call,2030-03-01,1996,Price Inc,408565.07,112929,FXOption
TZS/XAF,79.92,Put,2030-10-22,1997,Botsford - Weber,331334.38,494174,FXOption
TND/SAR,73.12,Put,2024-10-04,1998,Blick - Koss,830692.08,507398,FXOption
PAB/AWG,33.86,Put,2024-05-17,1999,"Herzog, Kutch and Kessler",591232.40,145634,FXOption
CLP/FKP,28.24,Put,2021-08-01,2000,Turcotte and Sons,278917.78,1813617,FXOption
EEK/ISK,15.52,Put,2023-09-30,2001,Tremblay - Hills,705226.39,30753,FXOption
LYD/SOS,17.44,Put,2023-01-17,2002,"Walker, Dooley and Cremin",163888.39,1189829,FXOption
COP/MUR,34.66,Call,2027-05-09,2003,Nolan - Champlin,357120.84,350316,FXOption
BYR/SLL,57.63,Call,2029-06-26,2004,Hamill - Yundt,515554.03,924152,FXOption
BZD/BRL,31.21,Put,2027-09-19,2005,"Bernier, Murray and Smitham",303176.64,1405626,FXOption
EGP/IDR,84.01,Put,2021-08-21,2006,Stehr Group,890224.90,505763,FXOption
PHP/SCR,46.36,Call,2028-09-21,2007,"Nikolaus, Gorczany and Halvorson",604698.62,423376,FXOption
GIP/AZN,47.21,Call,2021-06-10,2008,Windler - Watsica,388907.16,23904,FXOption
BIF/PEN,20.93,Call,2029-12-25,2009,Windler Group,340816.22,928403,FXOption
MKD/SBD,49.14,Call,2026-01-31,2010,"Schaden, Jacobi and Bogan",432476.33,711640,FXOption
MAD/EGP,95.14,Call,2024-01-07,2011,"Tromp, Hilll and Ryan",891039.32,1921192,FXOption
ZAR/BZD,11.76,Call,2021-03-16,2012,Jacobi Group,675726.47,769650,FXOption
UZS/XPT,65.60,Call,2028-09-30,2013,Hoeger - Keebler,548712.04,1128992,FXOption
MXN/MYR,13.31,Put,2022-04-26,2014,"Leuschke, Bailey and Denesik",64493.25,1051300,FXOption
SVC/ZAR,54.57,Call,2026-08-27,2015,"Borer, Hills and Runolfsdottir",999604.56,624642,FXOption
DZD/HNL,11.32,Put,2026-07-11,2016,Waelchi - Gorczany,518851.81,1877524,FXOption
NGN/NZD,85.91,Put,2025-03-05,2017,Wehner and Sons,484364.93,750841,FXOption
TMT/MWK,53.54,Put,2023-01-27,2018,"Towne, Leffler and Nader",290224.13,119917,FXOption
XBC/MRO,58.67,Call,2024-06-23,2019,Schmeler LLC,47695.97,207700,FXOption
LSL/GEL,62.45,Call,2028-04-25,2020,Mayert and Sons,755153.52,303957,FXOption
JOD/PKR,22.87,Call,2029-11-13,2021,Collins Group,389306.25,1198406,FXOption
TJS/KRW,27.17,Call,2027-11-08,2022,"Mayert, Hegmann and Tromp",962731.92,282678,FXOption
CAD/XAF,13.86,Put,2021-11-11,2023,Bernier and Sons,964636.03,620586,FXOption
DOP/KYD,70.75,Call,2023-10-04,2024,"Schroeder, Becker and Marvin",85913.98,1615948,FXOption
TND/AFN,20.04,Call,2029-07-07,2025,"Treutel, Kub and Kihn",233818.54,966615,FXOption
KMF/GIP,25.46,Call,2028-09-18,2026,Block Group,65856.72,1336804,FXOption
XAF/HRK,56.27,Put,2030-12-16,2027,"Weimann, Schuster and Runolfsson",291041.61,654688,FXOption
MKD/BDT,65.82,Call,2021-12-08,2028,Rohan - Mann,172059.55,1675338,FXOption
AMD/BZD,79.31,Call,2022-09-03,2029,"Okuneva, McGlynn and Runolfsdottir",974539.49,1467565,FXOption
RSD/XPD,15.60,Put,2030-03-25,2030,Farrell - Ullrich,958859.52,1324694,FXOption
GBP/XAU,83.06,Call,2030-02-04,2031,Steuber - Schamberger,636600.01,662629,FXOption
EEK/AED,31.64,Put,2027-01-04,2032,Pagac - Windler,922173.19,560320,FXOption
MKD/PYG,21.31,Put,2022-10-31,2033,Russel Group,111384.81,1810667,FXOption
TRY/TOP,12.88,Call,2027-07-06,2034,Kuvalis Inc,450395.91,482095,FXOption
UAH/FKP,98.48,Call,2027-11-13,2035,Hagenes Group,946700.99,1713224,FXOption
ANG/RUB,73.13,Put,2029-03-02,2036,"Murazik, Maggio and Beer",484274.50,1736327,FXOption
MDL/RUB,47.63,Put,2025-06-07,2037,"O'Keefe, Bednar and Block",94253.46,1015373,FXOption
EUR/BGN,25.71,Put,2027-10-23,2038,"Collier, Renner and Torp",878513.80,1763868,FXOption
IQD/THB,12.15,Put,2025-01-19,2039,"D'Amore, Lakin and Weimann",111894.50,1932270,FXOption
HKD/SVC,30.33,Put,2023-02-07,2040,"Kilback, O'Keefe and Smith",867295.90,1524993,FXOption
CAD/KHR,65.24,Put,2026-08-06,2041,"Wilderman, Keebler and Harber",599866.61,1979202,FXOption
JOD/MRO,30.89,Call,2028-01-28,2042,Upton Group,572358.19,310138,FXOption
AUD/ALL,49.24,Put,2028-09-03,2043,Smitham - Greenfelder,285037.62,462052,FXOption
MDL/TMT,36.63,Put,2024-11-27,2044,Harris - Roob,370045.16,1107720,FXOption
XPT/GMD,60.77,Call,2030-04-23,2045,"Rodriguez, Grady and Tromp",299078.46,1492775,FXOption
AUD/BTN,94.71,Put,2022-05-20,2046,"Kuvalis, Pagac and Hansen",115108.99,275068,FXOption
AMD/PKR,61.19,Put,2022-11-14,2047,"Beahan, Marvin and Schultz",151784.31,1026010,FXOption
NAD/LTL,8.92,Put,2028-04-09,2048,Morissette LLC,556105.17,784051,FXOption
KRW/IQD,74.06,Call,2031-01-17,2049,"Gulgowski, Hirthe and Shields",78154.52,85825,FXOption
LTL/NOK,44.05,Put,2023-11-03,2050,Runte - Stehr,234423.88,653959,FXOption
NOK/MWK,74.54,Put,2021-08-25,2051,Barrows Inc,433730.75,125894,FXOption
NAD/BDT,47.03,Call,2026-11-16,2052,"Jenkins, Bayer and Bednar",751432.00,395428,FXOption
HKD/BBD,50.22,Put,2029-12-22,2053,"Deckow, Kuhn and Marks",846470.24,1754362,FXOption
JOD/ALL,44.46,Put,2029-11-14,2054,Waelchi - Leffler,268645.86,615392,FXOption
LTL/BWP,49.70,Put,2026-04-14,2055,"Bruen, Mayert and Borer",723313.45,1593533,FXOption
DKK/SGD,23.72,Put,2027-11-17,2056,"Powlowski, Kiehn and Stamm",578326.25,1729828,FXOption
XAU/NIO,5.81,Put,2021-05-02,2057,"Durgan, Wisoky and Cassin",530831.61,966186,FXOption
BSD/BGN,83.88,Call,2030-06-07,2058,Dibbert - Bernier,912149.58,959940,FXOption
KHR/SHP,53.01,Put,2029-01-26,2059,Pagac - Rogahn,226260.55,170897,FXOption
BSD/NOK,26.59,Call,2021-01-28,2060,White - Champlin,117403.92,738096,FXOption
THB/RON,38.51,Put,2022-01-02,2061,"Koepp, Welch and Zieme",53264.00,505420,FXOption
DOP/XBA,44.58,Call,2021-09-04,2062,Rodriguez - Lubowitz,626127.36,1061902,FXOption
BAM/XPF,54.34,Put,2024-08-29,2063,Gerlach and Sons,58089.23,1386256,FXOption
STN/COP,83.27,Call,2027-07-18,2064,"Smitham, Predovic and Bradtke",906033.75,1468364,FXOption
MZN/LVL,83.80,Put,2030-01-30,2065,Quigley Inc,244013.08,408137,FXOption
XOF/INR,19.31,Call,2029-04-22,2066,"Weimann, Block and Sporer",204459.03,1285544,FXOption
KYD/SGD,79.67,Put,2025-10-08,2067,Mante Group,559849.44,97298,FXOption
DOP/TWD,48.93,Call,2025-11-18,2068,Jerde - Boyle,916783.95,1104017,FXOption
EUR/SCR,9.15,Put,2029-03-18,2069,"Koch, Shanahan and Ziemann",898644.42,1236207,FXOption
EUR/RWF,15.55,Put,2022-05-14,2070,Senger - Weimann,118249.44,278259,FXOption
LSL/XDR,65.26,Call,2025-04-27,2071,Kemmer Group,207026.29,1054178,FXOption
UGX/QAR,43.03,Call,2023-01-04,2072,"Ratke, Hettinger and Johnson",569130.36,1485671,FXOption
TOP/KGS,96.03,Call,2022-05-17,2073,"O'Kon, Veum and Wiza",589576.02,316419,FXOption
TMT/IQD,63.74,Call,2024-05-16,2074,Pollich - O'Reilly,26473.89,1703193,FXOption
MUR/JOD,42.67,Put,2021-04-22,2075,"Pollich, Weissnat and Walter",461853.30,1046165,FXOption
XOF/TZS,12.82,Call,2023-06-22,2076,"Romaguera, Harvey and Ryan",60926.51,467548,FXOption
XAU/AUD,28.94,Put,2029-01-01,2077,"Lind, Hessel and Osinski",753325.38,1085879,FXOption
PGK/ETB,1.71,Call,2026-05-31,2078,"Batz, Wisoky and Witting",46696.84,256343,FXOption
TND/MVR,43.45,Call,2029-03-22,2079,Johns - Wehner,327971.39,502710,FXOption
SZL/AFN,50.48,Put,2024-11-27,2080,"Doyle, Predovic and Jakubowski",565786.29,1580594,FXOption
CUP/TTD,18.78,Call,2029-11-11,2081,"Bernier, Sawayn and Gulgowski",809198.05,180539,FXOption
GIP/BND,48.95,Put,2029-08-16,2082,"Torphy, Ward and West",734134.35,851368,FXOption
LRD/HTG,86.54,Put,2023-07-05,2083,Cronin - Skiles,270438.48,1132780,FXOption
AOA/KWD,70.09,Put,2024-10-01,2084,Hintz LLC,344057.75,309108,FXOption
LKR/PAB,5.61,Put,2024-07-08,2085,Hand - McGlynn,272788.52,1618137,FXOption
PEN/LAK,53.88,Put,2026-04-24,2086,Trantow - Thiel,954271.61,819486,FXOption
MGA/ETB,60.14,Call,2026-11-16,2087,Hand - Nicolas,710157.84,1559889,FXOption
MYR/MWK,46.14,Put,2021-12-22,2088,"Jacobs, Cartwright and Fay",351237.71,679738,FXOption
LYD/SGD,93.45,Put,2026-05-20,2089,Lebsack LLC,108063.00,514755,FXOption
XAF/LVL,29.55,Call,2023-04-26,2090,"Dare, Olson and Cremin",304665.81,1375070,FXOption
PLN/NPR,6.99,Put,2021-08-02,2091,White - Streich,4792.95,1543040,FXOption
BOB/NPR,52.28,Put,2021-04-06,2092,Kerluke Group,190660.12,1602405,FXOption
BGN/AUD,65.22,Call,2028-01-13,2093,"Beatty, Shields and West",222462.98,921968,FXOption
QAR/BND,48.56,Call,2029-07-15,2094,Streich Group,805371.01,1145713,FXOption
XTS/MAD,58.05,Put,2023-10-29,2095,"Kris, Orn and Shanahan",743459.71,1632237,FXOption
XCD/TJS,31.07,Put,2026-10-16,2096,Powlowski and Sons,426781.11,240651,FXOption
AED/ISK,22.85,Call,2025-07-04,2097,Hermann - Sipes,911524.92,1136342,FXOption
CLP/BSD,47.90,Call,2027-07-10,2098,D'Amore and Sons,802257.76,1139680,FXOption
COP/LVL,37.86,Put,2025-08-08,2099,Bernier - Jones,99428.30,1778425,FXOption
BWP/UGX,91.41,Put,2022-10-31,2100,Daniel and Sons,562341.40,894328,FXOption
