Key,Price
KRW/UAH,924.19
GTQ/UYU,801.51
SEK/PGK,476.00
EUR/SCR,809.93
PYG/TOP,591.30
SEK/GIP,187.69
DJF/AOA,24.16
BZD/GNF,10.06
GHS/CAD,119.33
CHF/PKR,798.73
NPR/TND,470.46
DJF/KMF,343.65
UAH/JOD,326.43
MGA/SVC,776.37
AWG/AFN,453.12
INR/HRK,331.15
HKD/XBD,179.39
LAK/PLN,335.49
JPY/PEN,452.36
GYD/UYU,267.85
CNY/SYP,51.78
CNY/GBP,570.42
MVR/XFU,857.39
THB/EUR,835.66
XCD/ISK,669.88
SBD/TMT,969.64
MZN/PHP,490.62
ILS/CHF,539.30
JOD/UAH,610.56
MRO/ETB,509.49
KPW/MXN,391.81
BDT/BAM,591.22
VEF/QAR,303.45
PLN/LKR,864.58
KWD/SDG,962.40
TJS/GTQ,557.97
XCD/XBD,96.17
SZL/ILS,390.15
YER/OMR,592.03
UAH/TZS,506.60
NGN/BTN,162.54
MAD/BND,417.76
MZN/MKD,786.07
MUR/HRK,563.84
JPY/SOS,627.22
XOF/VND,241.31
TND/TRY,980.98
SBD/NIO,8.63
HKD/QAR,268.18
XPT/LSL,756.28
ZWL/KYD,418.39
NIO/RWF,573.14
ETB/BMD,419.83
LTL/PHP,15.33
SBD/CRC,728.42
SVC/NOK,353.77
BZD/TMT,944.12
CDF/LSL,640.34
BYR/VUV,140.06
NZD/MVR,621.66
FKP/GIP,697.07
GTQ/XPT,484.86
KHR/SZL,399.50
CRC/OMR,609.84
LRD/INR,406.92
MNT/GYD,879.23
XBC/CUP,40.19
KHR/ZAR,461.86
KPW/AUD,813.97
XDR/NOK,895.15
MNT/JMD,234.98
BDT/XAF,789.25
TND/UYU,743.47
CZK/MZN,945.76
SGD/BRL,105.31
RUB/GTQ,634.02
BRL/SVC,784.35
PYG/CHF,293.54
BSD/LBP,208.44
SOS/XPT,428.56
QAR/IQD,988.66
HUF/HTG,481.99
XDR/XBD,271.12
MYR/USD,854.28
MVR/CAD,91.10
NIO/KHR,818.67
NPR/MOP,171.39
LYD/RWF,288.12
HUF/SRD,136.16
XPD/XPT,608.63
BTN/TTD,613.85
MWK/KYD,455.83
LSL/EEK,250.09
DJF/RSD,970.37
MRO/XBD,809.53
ZAR/ISK,677.68
DJF/ZWL,18.26
GYD/DKK,176.23
VEF/MDL,156.92
UZS/SBD,747.99
NIO/VND,201.12
MMK/AUD,519.12
MWK/BMD,194.66
LKR/IDR,373.03
INR/PAB,521.30
MVR/BOB,629.15
RUB/NIO,829.68
RON/KHR,474.07
LTL/THB,910.02
MRO/SBD,94.40
CAD/JPY,569.42
CLP/KYD,650.58
XCD/LTL,431.90
KWD/LAK,711.49
NPR/GNF,633.00
SZL/XAG,215.08
UGX/XPF,213.74
SGD/SEK,545.23
ERN/EGP,518.74
ETB/KHR,588.26
PLN/JPY,707.84
XOF/ERN,752.07
EEK/TOP,325.70
PKR/TND,205.34
XCD/SDG,281.30
TTD/SDG,779.15
HKD/CNY,539.16
MZN/XAF,773.10
PEN/ZMK,136.23
MAD/JOD,427.63
CUP/SVC,615.76
SVC/UGX,608.12
PLN/ANG,136.62
JPY/IDR,460.45
XBC/DJF,227.44
IDR/SDG,469.54
QAR/EUR,287.33
PYG/MNT,898.09
EEK/NGN,332.98
TRY/IRR,461.95
CAD/AMD,988.99
BMD/USD,697.31
FJD/ZMK,378.10
BBD/DOP,41.76
YER/EUR,39.21
YER/SDG,963.27
WST/KYD,23.93
RSD/EGP,538.59
PYG/GTQ,337.37
HTG/MRO,594.45
MOP/ZAR,463.94
ETB/CRC,473.03
KHR/BTN,657.49
SDG/CZK,568.66
UZS/GEL,40.15
IQD/BAM,449.05
PHP/SBD,193.42
IRR/PKR,989.32
IRR/KWD,91.73
MUR/HKD,742.15
XBB/XOF,89.99
CAD/UAH,56.58
CAD/MYR,337.85
CZK/IRR,482.39
LVL/WST,478.64
PLN/MUR,961.30
SVC/SGD,513.96
GIP/RSD,971.45
TZS/NGN,484.05
SGD/BSD,163.45
ALL/XPT,927.75
BAM/VEF,315.66
JOD/WST,212.24
LAK/AMD,56.79
DKK/ZMK,599.27
LRD/UGX,10.53
RON/MRO,373.97
PGK/NGN,283.94
SYP/MOP,166.13
VUV/FKP,318.03
NZD/SBD,755.22
BIF/MGA,0.56
GBP/TJS,435.72
UYU/INR,541.77
HUF/ZWL,963.69
KPW/TND,142.73
PHP/CUC,950.63
LTL/SCR,567.96
NOK/CAD,420.30
MUR/AWG,778.39
PHP/MXN,276.12
RSD/GBP,298.02
SRD/TMT,806.36
SDG/XPT,590.84
CAD/IRR,371.96
LRD/UAH,932.41
LSL/EGP,359.47
XCD/NGN,895.71
VUV/SBD,563.12
PEN/JMD,77.92
CRC/XAG,449.31
LTL/IQD,52.48
SBD/XAF,54.54
KPW/COP,173.92
MMK/BZD,666.71
SYP/BZD,148.28
BZD/MKD,260.79
INR/KMF,600.70
AZN/KMF,969.39
INR/SDG,29.62
GYD/XBD,75.09
BOB/NOK,909.48
XAF/FJD,823.19
BGN/BND,773.70
OMR/SVC,986.92
MUR/KPW,89.42
GMD/UYU,620.86
KRW/ILS,796.08
KES/MMK,518.70
BYR/SAR,335.91
KMF/BSD,10.67
NIO/EUR,945.99
KZT/HUF,551.15
XOF/MKD,705.66
BOB/GIP,887.33
TRY/KPW,629.73
AED/BZD,509.30
BYR/NAD,621.41
EEK/BZD,684.83
KZT/TZS,666.86
MDL/GTQ,651.06
BSD/XBC,478.26
CLP/BRL,720.82
DJF/TZS,88.21
SGD/YER,868.71
ZAR/SZL,702.74
LBP/XFU,946.02
TJS/UZS,261.80
AWG/MKD,875.06
YER/GHS,815.41
BSD/XPT,881.94
CDF/KGS,349.93
CRC/AED,598.57
GNF/SEK,390.68
XAU/TZS,703.30
BAM/ZAR,366.64
INR/SLL,474.83
AWG/BZD,32.65
SLL/CUP,603.91
BZD/AFN,282.54
CLP/MXN,311.55
IDR/SVC,563.39
HUF/TOP,377.00
BHD/HRK,227.21
SHP/ZAR,67.25
UYU/BHD,503.32
KWD/YER,501.33
AFN/BAM,348.88
LVL/KMF,286.58
LYD/LVL,36.97
EEK/CLP,638.98
AWG/HTG,639.38
KRW/MKD,915.87
ALL/SGD,302.53
XTS/LAK,378.55
ETB/BWP,596.83
XBC/JPY,188.66
CUC/GHS,734.98
AZN/SHP,904.99
BOB/SAR,284.18
KRW/ERN,143.40
DZD/DZD,359.05
NZD/JPY,921.01
LRD/MXN,703.29
PYG/ANG,453.97
BYR/UGX,660.74
RUB/STN,347.42
STN/SRD,160.47
PYG/KPW,2.36
AED/SRD,520.70
PEN/MZN,154.90
IDR/MUR,476.65
IQD/CHF,17.49
LBP/XBA,402.29
CNY/SVC,355.30
DJF/XFU,87.68
TTD/XCD,101.25
MAD/STN,493.61
MAD/XAU,20.96
LBP/AOA,365.39
SYP/MVR,201.42
SCR/MKD,597.15
PEN/IRR,975.22
AWG/CVE,838.09
LYD/ERN,176.43
MGA/KES,242.56
MDL/AED,434.05
MNT/TWD,296.04
KES/KHR,12.13
BIF/XAG,106.47
MGA/BOB,177.97
SOS/PHP,739.85
XAU/MNT,127.66
ERN/COP,319.73
BSD/BWP,139.14
PAB/KPW,952.50
VEF/ZMK,642.38
VUV/PEN,673.71
BBD/ZAR,773.24
SHP/EEK,406.51
BIF/KYD,155.90
THB/HKD,340.86
MMK/SLL,346.52
JMD/RON,765.89
MRO/DOP,882.07
PKR/UAH,162.33
AED/QAR,621.89
IDR/ERN,513.59
XPF/AED,947.23
HUF/IDR,290.88
OMR/HUF,495.57
RSD/ANG,695.06
RWF/LTL,714.02
LRD/FKP,539.60
NOK/XBD,82.77
FJD/SGD,546.25
LKR/KHR,383.83
AFN/MWK,82.92
DZD/PGK,526.86
TOP/IDR,211.41
BAM/XPT,226.69
TWD/MMK,51.38
PLN/ISK,148.34
XPT/AOA,895.89
DJF/NIO,342.72
SAR/CNY,415.05
KRW/IRR,348.99
UZS/KMF,697.76
AUD/AED,263.15
KPW/PKR,402.81
GNF/BBD,445.30
MXN/LYD,427.55
AED/AUD,720.37
TJS/BGN,614.45
HRK/OMR,209.49
GIP/COP,860.56
GMD/CUC,250.63
HUF/TMT,209.33
TRY/HTG,956.02
MKD/ZWL,14.11
BDT/MVR,620.67
YER/YER,920.47
CZK/PKR,348.81
ETB/TMT,721.25
CZK/ILS,610.90
STN/XAG,482.92
BRL/BGN,25.83
TZS/SBD,588.07
PGK/MMK,236.96
HRK/LSL,592.88
BGN/LSL,568.67
UZS/BAM,559.45
MWK/BAM,146.85
EUR/NAD,561.83
JMD/CVE,179.82
MUR/MMK,104.52
BDT/INR,192.51
GEL/PGK,450.63
THB/BMD,423.17
MNT/AED,467.02
ARS/RWF,813.34
TMT/NOK,924.12
FJD/HRK,250.43
XFU/SCR,544.42
IDR/SRD,845.58
NOK/RON,68.03
SBD/IDR,974.69
XAG/LBP,99.57
BBD/UAH,330.10
KZT/MMK,222.21
SEK/PHP,295.63
BAM/BAM,174.50
TND/KGS,126.90
LKR/SCR,512.75
SBD/MMK,590.74
KHR/LRD,306.22
UGX/JMD,702.58
BRL/CVE,427.10
XAU/XAU,284.98
JPY/XBB,859.80
LSL/SGD,389.22
MMK/XOF,760.92
KPW/RSD,460.80
SOS/XPD,670.27
MWK/KPW,834.14
BGN/CUC,911.63
YER/SBD,280.70
KZT/THB,158.54
TTD/TOP,434.63
BZD/SEK,104.98
ILS/INR,668.05
BGN/SYP,800.00
EEK/CNY,786.17
GBP/ISK,489.00
XAF/TRY,200.77
IQD/XCD,696.55
SVC/AFN,670.03
PEN/MDL,804.38
SHP/BOB,875.67
CHF/XAF,542.87
BTN/GHS,508.23
GNF/NZD,926.26
DKK/BZD,257.96
XBA/KPW,14.76
PAB/IDR,297.26
XTS/BZD,394.16
WST/BDT,432.55
EEK/QAR,634.10
SVC/PAB,971.09
SGD/GYD,873.60
KHR/PYG,401.94
YER/CDF,765.42
ZAR/LAK,165.65
AFN/DJF,563.36
LSL/KYD,77.79
UYU/CRC,52.41
SGD/HTG,463.32
PHP/BOB,580.17
KES/BZD,710.28
UAH/CRC,959.73
BRL/XBB,787.33
GIP/BTN,816.15
GEL/BHD,664.94
SLL/BSD,225.13
XPF/MMK,554.16
MAD/BYR,495.63
TRY/TWD,388.33
ISK/SDG,637.90
THB/KZT,311.98
XPD/XBD,894.19
HNL/USD,636.19
PAB/TWD,898.19
BGN/THB,551.43
HRK/BTN,742.11
MYR/MKD,351.58
KRW/MGA,462.96
RWF/XTS,502.96
HKD/XPD,446.04
EEK/IRR,373.01
NZD/ZAR,439.98
RON/CZK,453.30
VND/AED,646.60
BZD/BBD,187.45
KRW/EGP,561.03
MMK/SZL,703.04
KPW/UZS,902.63
ZWL/EEK,634.35
ISK/ETB,222.81
SGD/OMR,411.21
MVR/MXN,148.36
BSD/SRD,233.23
KWD/UYU,89.86
DZD/PAB,94.10
SHP/ANG,915.94
TMT/XCD,755.54
MYR/EEK,692.08
XTS/XDR,261.32
IRR/ZWL,32.83
DKK/LKR,460.60
IQD/CZK,801.63
KGS/GIP,5.83
GIP/CNY,794.64
XPF/XBD,322.12
KGS/XPF,76.90
KES/AUD,237.42
CUC/NOK,503.75
HRK/JMD,213.99
KPW/UAH,423.54
AED/RON,211.79
GTQ/BZD,614.84
MZN/SLL,549.45
UGX/HRK,17.28
XCD/FJD,207.16
BGN/AMD,270.31
UAH/GMD,506.43
UGX/BZD,140.74
VUV/BWP,628.70
BBD/LVL,103.91
IQD/BSD,522.09
JOD/ZWL,651.53
AWG/XBD,861.28
JOD/BOB,165.53
UYU/CUP,226.70
LSL/FKP,163.62
NZD/LVL,660.97
KWD/MNT,546.32
GBP/JOD,804.09
ILS/BOB,635.49
KPW/SBD,986.57
LSL/HTG,659.50
ETB/RUB,201.63
HRK/GTQ,470.13
BTN/GBP,985.45
BTN/FKP,571.38
BSD/MZN,434.15
SZL/SOS,658.66
GEL/IDR,324.48
TOP/RUB,110.55
TJS/IRR,323.61
XCD/KGS,199.29
KMF/FKP,688.64
TOP/BSD,210.81
LTL/GIP,11.02
HTG/XBD,796.37
XBB/DJF,598.91
CUP/DZD,215.95
EGP/WST,882.70
BAM/UYU,823.79
NOK/UZS,409.51
BZD/BZD,614.80
XOF/DZD,63.38
BOB/MUR,157.41
XBA/VEF,510.74
CUC/CRC,809.07
FJD/SYP,940.35
LTL/MAD,840.30
TJS/NZD,567.95
USD/KPW,158.50
MWK/MXN,415.93
FKP/SAR,691.09
BOB/ILS,699.65
CZK/BHD,578.50
MZN/AED,436.96
TJS/XPD,552.29
MNT/EEK,413.20
CUC/XFU,79.32
ISK/AFN,31.83
XAF/PGK,635.79
RON/ZWL,836.16
UYU/SLL,847.77
HUF/INR,816.26
GEL/ZWL,518.15
AMD/CZK,780.30
KES/MXN,322.80
GYD/GNF,962.89
TMT/DJF,650.47
GIP/HRK,154.51
NOK/UYU,430.32
MGA/BHD,564.71
SOS/TOP,445.02
TZS/MXN,663.62
ETB/HTG,980.30
TJS/XFU,225.98
XOF/TJS,371.77
SZL/KMF,596.12
OMR/TND,44.22
WST/HNL,959.39
BTN/USD,176.38
KES/RSD,631.03
AMD/UGX,593.84
SRD/PEN,90.71
MYR/AZN,165.98
INR/NIO,694.62
AWG/COP,632.52
GBP/MKD,499.64
TND/BTN,110.14
XAG/CRC,773.85
IDR/HKD,458.73
USD/AFN,383.17
KYD/IDR,519.59
HKD/KWD,184.11
HRK/MNT,246.92
ISK/SOS,987.63
NGN/TZS,561.73
JPY/MXN,798.54
VND/XPF,545.23
KGS/KMF,377.11
XFU/AFN,187.94
HRK/PLN,846.18
UGX/BAM,289.88
KPW/DOP,685.80
ISK/MVR,137.63
BZD/UGX,593.79
USD/GMD,970.91
INR/BND,27.47
FKP/CUP,719.35
MYR/SRD,352.53
VUV/AED,65.20
QAR/PGK,956.17
JOD/XAU,368.98
BAM/GIP,119.93
MYR/EUR,855.45
AZN/DJF,4.76
EEK/TRY,242.32
AZN/BSD,757.07
XBD/XPT,650.28
LYD/CVE,823.52
BIF/STN,147.79
SRD/BOB,823.17
CZK/XBB,852.75
SBD/NPR,876.62
GYD/LYD,695.78
MUR/LBP,47.15
NPR/NIO,45.12
MKD/USD,260.91
STN/SVC,416.70
JPY/CAD,992.67
WST/XDR,664.24
XBC/MMK,573.22
KWD/CHF,50.89
XBA/TMT,667.12
ERN/AWG,771.46
UYU/XOF,330.20
AWG/NIO,341.14
CNY/MZN,908.05
BMD/MMK,953.08
GBP/ETB,572.19
RON/MXN,723.71
GNF/USD,605.05
ISK/BTN,780.28
LTL/GEL,757.61
BBD/RON,708.65
PLN/XDR,502.57
TRY/SCR,14.19
TND/SEK,399.66
TWD/NAD,328.66
NIO/NZD,242.16
ALL/STN,745.31
XTS/ZMK,804.67
PYG/BSD,148.26
BOB/ZAR,721.71
AFN/HKD,229.32
FKP/PHP,364.77
IRR/PYG,993.42
GBP/SOS,413.27
NAD/KWD,990.02
AOA/THB,90.47
MNT/SVC,548.67
SRD/LBP,710.00
BTN/BZD,610.77
BOB/MMK,726.68
BGN/CAD,688.28
LTL/XOF,491.97
XAF/MDL,905.27
LSL/KRW,701.86
TOP/AED,348.47
LYD/BMD,525.25
XFU/SGD,663.62
BHD/NPR,334.27
VUV/DOP,803.99
CRC/AUD,78.09
CRC/RSD,99.81
XFU/KGS,542.74
CAD/BYR,42.89
WST/XBD,95.14
MDL/SYP,167.97
KYD/FJD,193.21
JMD/DJF,32.96
BYR/QAR,645.46
TRY/XBC,932.25
NPR/MVR,174.55
NGN/NOK,247.36
VND/CUP,859.58
XDR/HTG,424.96
FKP/AZN,329.19
CDF/KHR,437.80
KMF/TRY,406.69
LBP/XOF,336.78
WST/CHF,927.87
RUB/TND,918.03
DZD/MGA,862.61
MGA/DZD,23.52
ERN/KYD,13.71
VND/SCR,994.28
XPF/BHD,53.60
MUR/TTD,69.33
VEF/FJD,216.68
ALL/AZN,597.29
AWG/SEK,312.33
NOK/TND,51.19
MNT/SYP,803.41
SDG/AOA,578.54
SAR/NGN,411.03
COP/AUD,0.68
MXN/XAG,70.17
MYR/XDR,621.90
GTQ/KYD,686.58
FJD/XDR,321.88
VEF/FKP,898.28
XCD/INR,245.30
KHR/PLN,796.81
BAM/ERN,57.51
CHF/XPF,903.21
EUR/BTN,777.76
CUP/MKD,436.22
PKR/LVL,479.32
TRY/EGP,828.70
RON/GTQ,67.01
GNF/SAR,576.09
GHS/MWK,264.06
LKR/YER,941.78
CVE/USD,188.48
DKK/ISK,735.74
RSD/TZS,416.25
VUV/MGA,941.38
PYG/TND,54.57
BWP/XAF,86.10
VUV/XOF,548.46
GYD/SHP,989.28
EEK/RSD,25.81
JOD/XAG,951.29
TZS/HRK,595.92
SZL/SRD,720.63
ILS/GYD,594.27
MKD/AOA,128.84
CNY/AOA,596.01
USD/XPT,836.33
MAD/AUD,858.90
GBP/SZL,354.80
CNY/KGS,707.29
BRL/JOD,751.22
RUB/MOP,84.81
XPT/NIO,438.50
SGD/RON,682.57
CHF/MYR,121.21
DOP/BAM,805.10
LTL/ZAR,120.32
XPD/XAF,235.95
BIF/MYR,558.06
XAG/NPR,574.29
UZS/NZD,240.63
BZD/XDR,149.67
SZL/JOD,21.21
RUB/RON,48.27
MGA/LTL,109.41
BHD/CDF,614.93
KHR/HNL,842.80
FKP/COP,994.78
GMD/GMD,59.30
KGS/AWG,15.60
CNY/XTS,535.80
SVC/XBC,138.12
ZWL/HTG,332.60
INR/MDL,872.46
KMF/TMT,294.01
AMD/XBC,200.90
BBD/NOK,336.88
EEK/GMD,308.93
BDT/CRC,648.92
XAG/HTG,840.21
NZD/XAU,642.99
THB/RWF,969.80
KGS/AMD,712.21
IDR/EEK,868.80
OMR/XBC,512.84
SAR/OMR,856.97
STN/KWD,749.98
KES/LSL,53.17
JMD/GYD,295.04
RUB/XOF,136.28
CLP/EGP,934.25
NAD/NGN,850.14
XPD/NIO,990.40
BND/LAK,415.00
TRY/KES,785.19
SRD/SBD,801.62
XBD/UYU,574.71
BIF/LSL,672.35
EGP/AZN,484.86
HTG/HUF,513.91
ZAR/CDF,753.21
FKP/DKK,841.55
BGN/TZS,799.60
XPD/CHF,339.20
MWK/SLL,171.49
KWD/PEN,613.10
GEL/GIP,752.21
XAG/VND,566.03
GBP/RSD,388.56
BTN/NZD,920.32
KHR/GEL,468.22
BYR/NGN,811.38
BTN/XTS,587.04
MVR/JOD,717.85
TWD/LSL,931.30
XCD/MOP,270.83
SYP/PHP,437.46
XBB/XDR,152.41
BMD/ETB,535.43
NPR/BYR,252.44
KWD/XDR,864.95
BHD/DZD,789.63
HTG/CAD,699.75
TJS/BWP,923.02
USD/CZK,81.35
DJF/ILS,685.66
HNL/ALL,147.72
BZD/CHF,917.60
BND/MXN,87.28
XBC/XBC,492.40
RSD/ZWL,626.19
MGA/TRY,664.53
ILS/SYP,824.07
BBD/KYD,135.00
UYU/NIO,87.00
GTQ/LBP,801.44
GIP/BZD,170.20
PKR/RON,373.01
TND/NGN,697.32
MWK/XBB,899.75
ANG/UZS,104.76
CAD/CUP,183.94
XFU/XFU,664.61
MUR/UYU,374.72
GIP/KHR,668.06
STN/ARS,122.87
BND/PGK,263.11
EEK/CUP,272.55
DOP/ZWL,483.70
HUF/HKD,514.36
KHR/UYU,364.16
XPT/TWD,422.30
CNY/PLN,136.92
DKK/MWK,232.43
AED/CHF,648.96
BND/XAU,963.59
SOS/GNF,141.80
CHF/SHP,876.57
BHD/SHP,257.85
PYG/VND,485.83
MWK/DOP,465.38
MOP/MNT,834.61
BGN/GHS,478.76
GTQ/DKK,896.16
KHR/MDL,294.13
AOA/BOB,803.69
RUB/XTS,987.31
PKR/PAB,452.03
XBC/NAD,630.86
MOP/WST,129.86
KES/VND,100.62
BBD/PAB,64.45
MGA/SHP,455.09
EGP/MAD,635.68
INR/BMD,147.67
SDG/IQD,681.01
OMR/DZD,125.02
CUC/XPT,325.03
TZS/HNL,254.96
VUV/YER,958.48
KYD/ZWL,422.55
FJD/MRO,875.17
MYR/TMT,433.90
JPY/COP,572.92
MWK/ERN,128.24
LKR/SVC,203.88
HRK/CUC,527.60
XAF/SLL,591.65
MYR/DZD,486.05
RUB/TMT,123.41
XPD/XOF,659.64
SVC/TND,293.63
BYR/BAM,115.16
WST/COP,211.49
MVR/VND,434.37
XCD/MNT,270.15
XBA/NZD,705.19
MOP/DZD,768.45
CAD/XBD,80.59
INR/TMT,864.37
VEF/AUD,135.56
HUF/MWK,811.08
SVC/MMK,641.69
CUC/SAR,353.84
EGP/GTQ,413.74
SGD/BND,299.71
NPR/CDF,967.21
JMD/LYD,501.24
TZS/XAF,84.75
TND/SAR,967.95
PAB/AWG,838.57
CLP/FKP,816.77
EEK/ISK,621.61
LYD/SOS,299.37
COP/MUR,63.28
BYR/SLL,590.20
BZD/BRL,400.71
EGP/IDR,905.84
PHP/SCR,767.93
GIP/AZN,90.24
BIF/PEN,276.09
MKD/SBD,395.66
MAD/EGP,965.98
ZAR/BZD,507.45
UZS/XPT,470.21
MXN/MYR,806.99
SVC/ZAR,949.29
DZD/HNL,243.60
NGN/NZD,201.31
TMT/MWK,877.53
XBC/MRO,975.83
LSL/GEL,356.57
JOD/PKR,244.43
TJS/KRW,390.59
CAD/XAF,822.92
DOP/KYD,611.47
TND/AFN,233.48
KMF/GIP,80.06
XAF/HRK,159.18
MKD/BDT,828.53
AMD/BZD,236.67
RSD/XPD,26.36
GBP/XAU,506.90
EEK/AED,518.10
MKD/PYG,284.84
TRY/TOP,842.87
UAH/FKP,672.02
ANG/RUB,815.78
MDL/RUB,148.21
EUR/BGN,844.17
IQD/THB,869.43
HKD/SVC,799.35
CAD/KHR,0.52
JOD/MRO,990.35
AUD/ALL,588.28
MDL/TMT,739.89
XPT/GMD,845.09
AUD/BTN,134.24
AMD/PKR,883.63
NAD/LTL,606.75
KRW/IQD,350.42
LTL/NOK,723.61
NOK/MWK,299.93
NAD/BDT,207.22
HKD/BBD,992.12
JOD/ALL,482.00
LTL/BWP,572.34
DKK/SGD,231.02
XAU/NIO,476.45
BSD/BGN,451.81
KHR/SHP,356.72
BSD/NOK,320.66
THB/RON,746.65
DOP/XBA,939.40
BAM/XPF,853.57
STN/COP,249.72
MZN/LVL,888.77
XOF/INR,447.88
KYD/SGD,222.61
DOP/TWD,627.34
EUR/RWF,134.97
LSL/XDR,133.51
UGX/QAR,95.40
TOP/KGS,357.15
TMT/IQD,8.10
MUR/JOD,176.47
XOF/TZS,356.05
XAU/AUD,254.08
PGK/ETB,802.31
TND/MVR,83.03
SZL/AFN,766.38
CUP/TTD,99.24
GIP/BND,196.43
LRD/HTG,552.44
AOA/KWD,478.10
LKR/PAB,513.06
PEN/LAK,726.44
MGA/ETB,299.67
MYR/MWK,525.98
LYD/SGD,802.84
XAF/LVL,270.53
PLN/NPR,441.01
BOB/NPR,339.33
BGN/AUD,696.40
QAR/BND,487.45
XTS/MAD,548.77
XCD/TJS,52.70
AED/ISK,61.12
CLP/BSD,136.78
COP/LVL,338.56
BWP/UGX,851.12
BRL/NIO,256.29
GBP/HKD,471.78
MVR/KHR,216.92
NZD/CDF,628.22
ZAR/AZN,942.78
MRO/HTG,199.13
TOP/PHP,815.65
IRR/YER,125.95
PKR/PKR,318.26
BBD/MDL,428.71
NGN/CVE,393.42
RUB/PAB,685.43
IRR/GIP,257.48
SLL/PAB,124.23
NOK/XOF,194.21
ZMK/STN,461.30
WST/WST,340.51
SAR/AZN,523.29
BOB/UZS,589.10
JPY/EGP,921.90
AOA/DKK,419.77
USD/CAD,356.81
XDR/JOD,693.96
COP/XAF,794.17
KYD/ETB,399.00
BGN/CZK,869.70
AOA/NPR,459.32
MWK/AOA,123.78
PEN/XBC,294.93
MNT/EGP,117.30
KYD/MUR,463.75
KES/GMD,231.91
RUB/SRD,369.17
NAD/NPR,187.61
MWK/LKR,940.14
IQD/RON,80.66
LTL/AED,261.19
LVL/KYD,884.84
SZL/SDG,783.66
PKR/SRD,100.54
AED/NPR,710.33
VUV/TOP,676.89
ALL/MWK,952.27
SEK/NAD,12.30
GBP/MGA,945.92
TZS/ILS,10.97
XPF/LTL,229.97
BAM/BDT,424.54
SLL/WST,858.48
CAD/DOP,599.82
MKD/MNT,796.27
UGX/IRR,815.27
SGD/SYP,262.03
MOP/MMK,475.30
PYG/BIF,491.86
BIF/MZN,899.48
SEK/ISK,777.82
AMD/XAU,422.74
MRO/BGN,229.22
SRD/TZS,73.08
ALL/PKR,739.81
UYU/BTN,691.87
GHS/NOK,831.02
YER/CAD,200.96
TJS/MAD,964.96
CHF/NZD,161.51
PLN/BGN,316.25
PAB/MZN,69.87
BRL/IQD,184.09
XTS/CAD,113.55
YER/ARS,200.11
NPR/CRC,455.67
CRC/GIP,739.63
XOF/XBA,488.55
SVC/QAR,211.57
SCR/BHD,742.89
YER/KYD,404.54
XAG/PAB,681.66
VUV/HTG,848.26
XBC/GNF,388.02
XAF/ZWL,639.73
XAG/XPF,34.78
BBD/MOP,265.29
HUF/GHS,695.11
LRD/DOP,321.03
PYG/GYD,648.48
MXN/SBD,969.88
BAM/BOB,893.87
EGP/YER,695.75
LKR/GHS,40.66
CZK/CLP,302.84
TZS/AZN,838.44
SOS/VEF,655.62
NPR/LKR,710.58
AZN/ALL,360.74
BSD/TND,18.46
ISK/CDF,845.87
IQD/UYU,751.31
TMT/RON,47.34
RUB/OMR,784.41
SYP/WST,694.72
BRL/MDL,160.10
BSD/KPW,240.45
INR/AUD,744.93
KGS/HNL,399.71
SGD/KHR,340.60
TMT/ZMK,75.64
FKP/XAF,773.48
MKD/SRD,263.73
FJD/XPT,748.97
MUR/SEK,494.93
LVL/GBP,96.16
BSD/BTN,574.49
CAD/HRK,841.20
XBB/XPT,433.34
EUR/KHR,705.03
RON/NOK,426.58
LTL/JPY,135.91
RUB/UYU,879.92
MAD/ISK,316.48
KRW/EEK,191.63
XFU/AED,422.38
XPD/XTS,374.11
BAM/GTQ,143.43
UYU/KRW,810.71
MKD/UAH,361.67
HTG/CRC,800.04
MRO/INR,29.05
BDT/SHP,127.82
BGN/ANG,193.11
COP/RON,897.02
HNL/XBB,653.23
AOA/UZS,634.32
KES/AWG,63.85
BOB/ISK,693.30
PHP/NIO,479.63
TWD/BOB,794.33
CNY/LSL,520.36
DOP/LVL,295.40
UAH/ILS,980.43
KWD/AFN,572.84
LKR/ISK,196.40
GHS/XBD,630.14
OMR/HRK,946.78
DZD/LAK,545.73
LBP/SZL,206.69
COP/DZD,263.96
AOA/YER,814.43
MDL/LAK,277.24
MUR/TOP,655.71
BND/KZT,591.88
NGN/LKR,709.96
UYU/RSD,871.39
KWD/BMD,730.86
XCD/CRC,592.78
NZD/DOP,272.34
CAD/TMT,785.99
MNT/PYG,97.02
BSD/THB,934.22
LYD/ANG,38.05
SGD/STN,540.56
AFN/XDR,46.59
KHR/MNT,645.66
SGD/GNF,70.62
HUF/XBA,851.95
LKR/HRK,841.70
ALL/XTS,461.84
SRD/CDF,510.64
IRR/LAK,147.90
KHR/BZD,953.71
UYU/NZD,910.70
TJS/CUC,906.22
MYR/DKK,840.52
CNY/DJF,899.49
SDG/CVE,743.64
KRW/AZN,995.22
MVR/XBA,792.24
CAD/UYU,427.33
LKR/XBA,597.70
SEK/SEK,604.02
CUC/SDG,97.71
GYD/RSD,985.62
XPF/MRO,751.82
PAB/NAD,472.11
MXN/HNL,601.23
YER/CUC,187.07
GNF/TZS,781.84
LAK/HTG,903.46
AED/AZN,471.07
XPF/KPW,420.97
BAM/JOD,693.65
GYD/MRO,697.32
CHF/SLL,586.14
LTL/MUR,257.35
ARS/VEF,439.88
TOP/COP,526.25
DJF/VUV,550.74
LBP/HNL,559.52
NIO/JPY,94.84
JMD/SAR,704.02
XPF/SVC,744.85
PYG/SHP,753.32
MOP/BTN,666.53
UYU/BDT,323.53
SBD/THB,745.01
SRD/AWG,685.66
PKR/LKR,869.44
HRK/CHF,971.90
BMD/PLN,987.22
SLL/MDL,597.55
USD/EGP,480.09
SYP/SHP,358.66
NPR/LRD,499.31
TWD/GMD,330.19
AED/XFU,940.34
EGP/NGN,554.94
BBD/SBD,294.77
GTQ/SLL,173.55
SBD/BDT,469.39
BBD/DKK,664.88
XAF/JPY,59.86
LBP/LBP,558.38
MMK/CLP,39.56
BMD/DOP,726.93
PEN/ILS,260.07
KZT/MZN,213.38
TZS/SVC,320.08
SYP/PEN,583.17
CHF/HKD,459.62
ARS/CLP,217.39
SGD/XPD,444.48
MMK/SHP,232.72
BWP/NIO,332.49
RSD/PYG,893.68
KRW/ZAR,859.18
DKK/XAG,344.38
XAU/UAH,319.09
VEF/CVE,428.29
SBD/BSD,727.10
MXN/NGN,915.57
XFU/NOK,317.63
BDT/AFN,809.95
ARS/CUP,916.24
ZMK/KHR,873.52
IDR/RSD,940.88
AOA/BWP,334.99
RSD/PEN,198.00
MDL/KGS,255.95
VND/ERN,317.01
VND/WST,884.94
BBD/PKR,231.48
GIP/XCD,377.19
MYR/LTL,90.13
COP/EEK,429.95
EEK/VUV,644.16
ETB/MVR,186.47
JMD/ISK,713.76
AZN/SCR,939.60
CUC/GEL,63.46
PLN/GYD,531.63
JPY/GYD,365.59
XAU/BGN,286.27
KPW/GIP,512.28
TOP/GEL,769.83
PEN/SVC,153.07
SVC/SZL,247.37
MZN/HRK,26.16
MUR/XBA,605.63
GYD/MNT,471.02
MAD/SDG,595.96
OMR/GBP,235.85
COP/HKD,866.48
TJS/KPW,446.46
BSD/SZL,553.82
DZD/XCD,347.26
SRD/MUR,249.92
BMD/IQD,642.15
DJF/KYD,166.04
BGN/INR,786.05
SDG/WST,925.08
THB/XAG,15.38
PHP/YER,64.13
IDR/GBP,266.16
BTN/NPR,574.68
THB/ANG,985.91
SGD/ERN,67.29
KGS/VUV,142.59
XDR/BBD,902.54
GIP/LSL,249.52
JMD/LVL,672.71
HNL/KMF,630.62
MMK/BOB,379.49
TWD/BIF,364.83
FJD/PHP,195.47
LVL/UZS,549.98
IDR/MKD,31.35
CLP/XBC,297.66
TWD/MKD,146.41
FKP/MVR,720.45
KZT/MKD,693.51
BGN/XBD,308.83
RON/SBD,592.37
ALL/CHF,784.93
SCR/GNF,721.05
XOF/NGN,649.09
TZS/RSD,365.00
PYG/MMK,930.73
KYD/AUD,536.31
TRY/XCD,82.70
CVE/MYR,394.25
KZT/MVR,544.32
MKD/RON,547.72
PHP/CNY,153.55
XOF/BRL,138.38
KES/PYG,516.25
NAD/BND,301.46
ZWL/AWG,20.12
KPW/SRD,937.60
JOD/RUB,783.92
SOS/HKD,85.78
PLN/XPD,104.78
QAR/NZD,123.62
XDR/XAG,356.12
JPY/UAH,798.31
CUC/XPF,965.33
PGK/VND,856.36
KZT/CDF,501.65
BIF/BND,250.99
KRW/BND,3.84
XBC/ETB,315.91
STN/MAD,952.25
BSD/NGN,495.74
HTG/TJS,445.60
SBD/XAU,92.55
ZMK/CUP,616.25
AZN/BWP,423.00
MRO/HRK,279.19
SYP/RSD,545.10
SYP/MNT,925.59
FKP/SLL,620.91
VND/MXN,136.55
SLL/ISK,606.28
BJZ8U,915.12
XBA/DKK,855.27
HRK/UYU,128.39
MWK/ARS,82.91
TTD/MVR,225.94
XBD/LAK,226.45
LSL/IRR,679.21
MMK/KMF,248.52
GHS/DOP,11.23
TMT/XPT,360.06
OMR/SDG,362.49
BYR/BBD,634.66
TRY/XAG,588.73
GMD/INR,185.20
CLP/MVR,236.26
PHP/RWF,986.63
CDF/BSD,755.72
BOB/KZT,792.72
MUR/ARS,863.35
SGD/UGX,679.74
CVE/SCR,532.47
GTQ/GHS,766.79
IRR/GNF,441.99
NGN/XBD,48.58
LYD/MKD,102.12
VUV/XPF,61.00
BAM/CUP,522.14
DZD/SRD,93.25
LBP/ZMK,22.27
VND/AOA,475.01
BYR/JOD,12.01
SAR/DZD,163.01
MWK/CRC,949.23
CVE/CZK,498.49
GEL/FKP,303.78
SDG/MVR,500.85
LSL/EUR,669.91
SRD/INR,882.42
MAD/XPD,630.43
BBD/WST,275.20
EUR/XPT,571.78
NAD/BBD,755.32
HNL/SEK,304.67
KPW/KPW,592.19
CZK/PAB,133.25
BWP/SBD,810.93
NZD/VUV,503.81
VUV/HRK,431.04
MXN/STN,186.75
EUR/XAG,292.57
BMD/MZN,789.38
GBP/TWD,132.87
ZAR/MYR,757.56
RWF/XBD,456.81
SAR/GBP,73.81
KZT/VUV,53.05
SHP/BHD,413.28
MGA/LVL,79.81
KRW/BRL,980.78
MXN/AOA,164.93
PKR/XOF,704.31
EGP/BGN,585.96
AUD/USD,226.25
SRD/OMR,536.22
VEF/MNT,348.05
KWD/ZAR,199.48
WST/SHP,685.43
IDR/CHF,90.24
KMF/BAM,881.42
CDF/NGN,735.41
PYG/GBP,316.71
BRL/PKR,873.30
KMF/AED,162.29
IRR/AMD,588.14
DZD/AMD,107.96
PHP/MNT,777.15
STN/HTG,462.12
XPD/CUC,849.81
LTL/MXN,915.34
BHD/SDG,291.19
PKR/FKP,557.19
BOB/LTL,91.09
SHP/HKD,906.50
PGK/MUR,729.70
IQD/LAK,685.63
AMD/PLN,879.15
RWF/HNL,405.45
DKK/ERN,492.42
HKD/CUC,424.68
UGX/XPD,250.73
XPF/DOP,87.57
DOP/AOA,590.11
AED/NOK,901.64
ILS/KPW,465.50
MYR/LKR,570.89
TMT/MNT,985.82
SVC/BBD,529.07
RSD/YER,768.45
BOB/ERN,244.14
BYR/TWD,933.77
GMD/KRW,125.50
MYR/KZT,413.57
BHD/HUF,549.62
SOS/MGA,451.34
NIO/CZK,975.86
HNL/MXN,916.09
XPT/MRO,970.57
GYD/ISK,169.42
RUB/SOS,348.85
BDT/GHS,296.66
BYR/TOP,590.93
XBA/HNL,563.47
XBD/CLP,164.47
SRD/LSL,689.59
LKR/XAG,607.74
BGN/LRD,613.22
CUP/LAK,679.46
BWP/RSD,496.55
XCD/XBB,850.59
PGK/GMD,468.90
PGK/HNL,794.03
FKP/FKP,193.01
CUC/LKR,665.56
MYR/SZL,630.69
ETB/XBA,647.84
STN/CLP,726.60
YER/ZMK,971.66
XBA/EGP,696.79
SDG/CDF,17.25
XBC/LAK,122.15
XFU/CUC,248.08
MRO/IDR,693.67
SVC/BDT,605.66
ZMK/QAR,981.57
XFU/HKD,165.69
HUF/PLN,143.62
NOK/FJD,541.47
CUC/TWD,455.16
NIO/JMD,753.85
AUD/XPF,769.55
XCD/ZWL,908.57
CLP/TND,236.03
XDR/GHS,143.57
TJS/XBA,128.02
LAK/FKP,659.80
JMD/BOB,524.10
GHS/DKK,425.63
ERN/SGD,212.05
MMK/CNY,857.76
BSD/MDL,957.67
KZT/HTG,306.35
LYD/MNT,32.52
UGX/TZS,917.86
YER/NAD,775.24
XBA/SAR,139.73
NGN/SVC,932.48
NPR/SGD,748.01
UAH/XAG,918.93
MGA/UGX,803.50
BND/EEK,249.25
CUP/GBP,944.43
MGA/XAF,273.78
TRY/BZD,152.16
THB/MGA,226.70
BYR/UZS,48.58
CRC/RWF,897.26
SAR/KGS,957.81
LRD/SBD,182.90
AED/FKP,523.90
GBP/BND,464.12
BGN/ETB,71.75
AED/HRK,224.30
CAD/SBD,742.70
LRD/KMF,81.04
DOP/CAD,560.33
JOD/MDL,558.00
RUB/SCR,49.44
KHR/LYD,537.55
THB/BOB,970.89
GIP/XAG,123.74
MKD/KZT,300.97
XTS/ILS,759.61
COP/ISK,839.04
NIO/BIF,59.58
GIP/CHF,815.79
MMK/BYR,215.56
KWD/MUR,775.80
PKR/ARS,830.42
XBA/LBP,841.83
BYR/XOF,233.21
HKD/LVL,395.60
LAK/SZL,622.54
SCR/SRD,651.66
AWG/MDL,504.60
BWP/ZWL,825.12
TTD/KES,634.79
SYP/PGK,83.87
ZAR/XPF,916.87
GTQ/BND,79.43
BHD/KYD,762.54
EGP/RWF,566.29
UAH/HRK,242.73
MUR/CZK,688.15
BND/TTD,393.63
EGP/BYR,885.92
BRL/MXN,82.05
BGN/KGS,289.82
VEF/GYD,836.82
SAR/GMD,214.91
XBC/MGA,581.73
ISK/UGX,883.04
JOD/BSD,210.47
LTL/AOA,948.04
AFN/CNY,679.76
MYR/TWD,948.28
ISK/PGK,184.82
IRR/BGN,434.74
BRL/GEL,92.58
RSD/XDR,410.90
CVE/DKK,833.02
BBD/LKR,121.46
LKR/XOF,127.38
NGN/IRR,341.07
SVC/HTG,290.69
KHR/UGX,68.52
ARS/XPT,449.21
CAD/CAD,572.64
MWK/CUC,238.11
NIO/BRL,255.92
XBC/XTS,925.54
KRW/GTQ,474.13
XPD/SRD,132.57
BTN/ANG,458.11
UAH/BTN,208.35
TND/JOD,557.45
CRC/TZS,58.24
MKD/EEK,71.46
LYD/SVC,445.40
BMD/MNT,173.66
FJD/MWK,733.74
CZK/MWK,925.75
NZD/CAD,938.98
TWD/XPD,615.52
BDT/IQD,260.10
XAU/BHD,350.17
PLN/MOP,185.14
MZN/BWP,674.50
WST/VEF,971.90
KPW/MNT,556.32
BWP/BSD,640.30
BAM/AUD,200.05
TTD/BMD,991.28
XBD/ISK,505.97
BAM/DKK,246.42
PYG/XPD,641.09
JPY/BTN,438.91
VEF/NIO,901.66
WST/LKR,397.45
ETB/MKD,325.11
BYR/MZN,436.71
LTL/LYD,509.41
MYR/SEK,51.71
HKD/GEL,580.90
THB/MZN,289.37
MVR/EUR,107.60
VND/BIF,750.47
UAH/GIP,752.35
ANG/CLP,739.69
IRR/TTD,122.31
LYD/LYD,890.04
SOS/SLL,113.36
ZWL/CHF,989.34
GHS/TOP,918.93
BYR/COP,677.16
XAF/CRC,907.27
PHP/KES,182.47
IDR/GYD,511.87
MYR/SDG,80.97
MOP/IRR,940.52
BAM/CAD,883.38
TJS/CDF,774.71
BYR/GYD,600.74
KRW/AOA,681.79
MKD/MUR,615.63
BAM/VUV,725.50
MZN/SYP,482.85
GYD/SAR,626.60
GHS/TND,211.69
BIF/RON,567.26
KGS/ETB,118.54
EUR/MKD,156.58
CUP/AMD,674.01
XPT/BHD,120.29
HRK/HRK,736.95
CRC/SRD,224.33
TZS/FJD,874.04
IRR/USD,358.08
SEK/MKD,326.15
MNT/KES,152.50
INR/LKR,599.69
BBD/KRW,432.78
MUR/XTS,934.80
DKK/BOB,849.59
SCR/HNL,666.28
EGP/MRO,526.94
PLN/PLN,210.71
SVC/UYU,72.35
XBC/GTQ,828.81
AOA/KHR,339.15
KRW/LBP,458.61
PGK/DZD,927.04
JPY/HRK,820.69
MOP/SHP,456.93
LVL/LYD,441.73
CLP/NAD,662.00
XAF/GBP,908.67
EEK/BIF,369.91
JOD/GBP,965.27
XCD/UGX,563.87
PGK/GBP,624.75
BHD/SEK,123.88
AWG/RUB,540.66
TOP/MOP,172.44
MMK/DZD,3.77
GTQ/IDR,733.46
TRY/LVL,439.35
XBC/UGX,869.05
CAD/STN,181.98
LKR/CLP,452.83
HKD/GBP,33.23
GEL/PLN,824.39
AZN/GIP,185.72
MAD/LBP,928.47
INR/JOD,340.83
MWK/KRW,450.60
PGK/BND,839.91
XDR/PLN,751.15
NPR/GHS,15.52
XPD/BMD,88.69
MZN/SCR,514.79
AUD/MZN,410.50
KMF/GYD,797.79
PKR/XAF,872.55
GBP/BMD,108.65
IDR/MAD,191.50
IDR/LVL,335.89
CVE/LSL,217.08
TMT/LBP,678.56
LAK/MOP,74.95
VND/THB,315.66
CUP/MMK,504.13
MVR/XCD,392.81
KMF/HUF,762.28
ZMK/SAR,527.75
BWP/LYD,475.82
CVE/ALL,892.12
LVL/XPD,762.37
XCD/MAD,845.83
XAG/GTQ,932.82
XPT/XOF,87.60
GYD/KGS,341.66
QAR/TRY,890.37
CUC/IDR,375.98
NOK/KGS,305.92
GNF/UZS,634.22
BSD/BMD,741.32
UGX/KMF,892.22
BTN/MNT,116.10
HUF/CUC,991.13
BGN/TND,822.09
NPR/NPR,157.53
IRR/TMT,354.40
JOD/JPY,876.59
SEK/DOP,49.08
MOP/AMD,214.25
SDG/PYG,326.09
HKD/EEK,668.12
VEF/MZN,63.79
SCR/QAR,812.26
IDR/SEK,397.57
TWD/EUR,222.26
USD/AZN,190.49
ZAR/LSL,107.03
ZMK/GHS,137.17
INR/HKD,529.10
BYR/NOK,431.58
BHD/MGA,423.44
ERN/LVL,400.72
ZWL/COP,865.01
SAR/NAD,558.48
INR/ZAR,77.54
CLP/NGN,905.32
BGN/VUV,82.70
QAR/TND,1.09
STN/HKD,173.13
MUR/LSL,520.12
JPY/MMK,421.81
EGP/AUD,566.62
ILS/MXN,474.42
AZN/MNT,450.18
CAD/XPT,443.67
VUV/BIF,100.98
KGS/XAG,687.43
MNT/MDL,252.86
LKR/CVE,158.13
STN/MXN,149.73
AUD/MNT,516.23
EGP/ZAR,713.20
BBD/XAG,313.51
NGN/MXN,149.73
CUP/TZS,224.01
FKP/MKD,698.58
PYG/PLN,33.56
CUC/PLN,535.25
FJD/UYU,865.33
VND/AMD,151.17
CAD/XAG,783.34
KPW/JOD,238.80
BZD/BSD,776.82
IRR/DJF,202.65
KZT/MXN,317.88
PHP/USD,491.50
BSD/MGA,251.09
JOD/DZD,432.66
XBC/YER,744.55
HRK/BMD,252.21
XAG/JPY,271.69
KPW/SYP,875.50
ILS/TMT,875.95
CZK/KMF,694.12
XDR/BRL,904.27
SOS/SDG,101.49
BOB/CZK,589.37
ERN/NOK,362.09
BSD/HKD,953.89
BBD/PYG,121.28
MDL/EGP,503.06
LBP/BYR,854.18
LRD/XBA,979.04
ETB/PGK,379.37
ETB/HUF,915.35
HKD/ILS,710.24
FKP/XFU,87.21
KRW/BMD,715.28
BBD/CVE,334.47
JPY/STN,378.96
DJF/SAR,871.76
LKR/XBD,547.45
KHR/XPT,135.76
XCD/AOA,21.96
KPW/XBD,736.78
CHF/CLP,183.01
TTD/CVE,789.81
JMD/VEF,271.77
MOP/ISK,132.30
ARS/ILS,952.17
USD/LBP,849.89
FJD/NOK,254.77
INR/BBD,508.30
DZD/UZS,905.92
VUV/BDT,878.04
SZL/AUD,640.73
PGK/CZK,837.24
XAU/AOA,619.38
PGK/BAM,245.46
PAB/JPY,122.52
CAD/XBA,109.21
GMD/XBC,671.48
EUR/QAR,581.35
XBB/MVR,744.05
LYD/UYU,648.11
RSD/XBC,929.16
KZT/XPD,259.76
ALL/BRL,397.45
XAF/STN,287.30
CDF/ZAR,607.64
NOK/AZN,404.29
XPT/GTQ,535.81
ANG/MXN,98.19
SEK/BWP,365.59
CDF/BAM,380.45
XAF/WST,724.24
MGA/GIP,739.74
HKD/MVR,853.99
KPW/GTQ,957.34
BBD/XFU,721.26
SAR/IQD,311.69
RUB/GNF,317.60
CAD/FJD,229.79
TTD/LTL,1.72
BZD/KES,271.39
UZS/ALL,248.29
LKR/MNT,345.88
DJF/LVL,73.12
MRO/USD,501.34
XOF/SBD,274.62
INR/EGP,873.00
JMD/RUB,467.83
AFN/CLP,469.82
ZWL/NPR,211.95
AWG/TZS,269.75
UYU/MMK,200.28
LAK/MVR,966.10
GNF/TJS,391.71
ZWL/PYG,373.85
ANG/ZMK,807.62
THB/IRR,923.25
CDF/SZL,392.36
GHS/DJF,984.48
LBP/NOK,524.65
KMF/MUR,547.88
TND/PGK,314.09
GHS/BDT,156.58
BIF/BIF,142.71
GEL/AMD,525.47
GHS/BRL,153.79
ARS/XBA,900.99
HNL/NAD,983.25
KGS/CZK,662.04
CLP/KZT,524.19
KPW/SEK,810.83
ILS/ARS,791.61
KGS/XAF,441.69
SYP/LBP,579.63
PKR/GIP,472.66
XPD/CLP,399.82
XTS/TND,583.29
HRK/ERN,186.64
PAB/DOP,896.11
BYR/CRC,12.68
GEL/MUR,734.64
NAD/RON,936.47
SGD/RSD,65.99
GNF/LVL,886.24
GIP/QAR,95.84
JMD/MKD,180.17
ERN/SAR,758.14
TND/HUF,348.02
STN/SYP,480.14
IQD/AUD,149.72
CRC/HNL,798.02
NGN/NPR,919.33
TMT/HNL,333.12
XOF/MVR,705.13
BDT/ZMK,453.84
CRC/CZK,957.30
MAD/UZS,91.71
MWK/BND,203.17
KGS/AUD,547.65
BWP/BZD,347.54
XAG/MWK,373.63
XBC/BHD,889.74
BND/HRK,805.79
HTG/COP,945.63
DOP/UGX,401.12
LYD/MMK,478.14
XAU/EUR,758.59
XPT/KPW,386.47
XCD/SRD,919.05
RWF/IRR,974.03
EGP/MUR,224.33
XAF/XAF,736.60
VEF/UZS,496.24
BMD/KES,971.80
CNY/DOP,790.01
SOS/NZD,611.41
MMK/NZD,248.10
BWP/HTG,270.34
MGA/MNT,46.86
DKK/YER,345.30
NGN/RSD,395.65
NPR/ILS,552.97
XAU/QAR,503.11
NIO/CUC,512.32
QAR/DZD,726.18
KPW/TJS,891.50
SGD/AMD,458.49
BGN/PYG,736.55
AFN/MVR,125.79
DOP/DJF,515.36
OMR/FKP,308.11
XBD/KZT,380.12
PLN/PKR,639.00
TND/LRD,548.57
XCD/XPF,639.05
GHS/KES,844.90
ARS/INR,130.68
GMD/HRK,120.36
MVR/EGP,485.12
AZN/MMK,617.71
SDG/SRD,421.58
KRW/FJD,371.67
ZAR/TOP,428.97
IDR/USD,506.10
KYD/PHP,925.39
BSD/AMD,61.42
SYP/GBP,423.09
56PGR,842.43
Q5XZM,709.20
K9ONA,821.37
O38G0,156.30
3K0KE,202.35
WSULW,951.89
INBZ2,820.66
BP8TG,386.63
4JVPW,293.46
IK7AF,219.45
PMKT6,509.61
QL1VE,19.65
2ZMST,22.04
MKIGB,260.68
7ICM4,403.70
QCK9P,665.92
H3QP5,844.21
CRTKK,97.61
ONPMW,947.67
72HTP,332.75
YSZ6H,945.11
33FUU,480.73
EXGX9,127.74
1P1MV,785.22
ZGJE3,429.16
30QKV,923.71
4K1ZD,23.98
YW74X,124.00
2Z2JY,997.01
X88VW,586.94
ZO8I7,664.76
XGF4H,468.42
Z1J1O,97.17
DZ2BU,821.43
HOV0R,283.36
5H0MO,806.15
NUAJH,486.74
S3AHD,223.82
T838H,436.64
1BUUT,596.68
RI382,818.40
MNVXT,458.27
4GZ3R,837.22
MQJVB,900.91
F51LE,975.51
5B5TA,598.06
WPXXZ,399.55
5ORPA,111.00
COEBL,25.28
JMQ84,840.18
R2ZMD,81.17
X89C9,963.81
QBX95,475.42
W9N3L,28.57
K6NAX,970.01
X3GDR,361.70
4XQL7,581.47
Y40XJ,36.14
L38YS,727.14
8ZGNF,278.64
MCIZZ,927.91
DMGJT,696.66
TL5DQ,389.62
K35KY,706.53
4DZCM,554.69
NCFD1,41.20
545W9,922.48
NLJFP,200.61
NF68X,977.31
QZHP0,597.54
CS4P1,179.18
488PX,620.40
G8XM1,660.96
YAN1I,350.98
GLR9Z,514.35
YPCWS,486.84
X569X,643.51
16IUR,226.83
OZFKZ,809.71
5EIBO,831.10
6X1XC,524.16
ZKD3X,912.98
NLGMN,98.72
GTGRY,156.83
ZAY5U,505.76
8Y4EA,700.95
AOJ4J,993.00
2ZZSC,68.60
GT35H,851.42
2CHBQ,921.66
FE6Y4,224.68
M0UUF,450.60
5XZMH,496.67
A4QEP,158.00
VIFBN,668.77
BZ9AG,121.74
1IACW,68.65
GGCS9,130.69
AW2LY,346.23
6Y97N,934.31
0KW2M,675.58
1S414,198.94
BH5BI,133.68
HVA0P,427.73
Z3775,661.00
IONWO,460.78
IC4T4,302.85
FQBAN,124.43
1YLXP,514.22
8VDYN,483.17
UFJRD,718.18
LRNKQ,354.64
SPT6V,226.43
5O145,896.04
VTHM3,754.48
3L74M,14.93
7WXG2,597.94
U1VXV,232.79
3HM22,200.76
20VZO,853.73
BZ4X1,48.20
913PA,853.88
Q3U6W,349.19
2ZSIH,55.65
89YRT,372.86
CJ981,728.58
JED62,123.72
O8NTG,502.96
C1MQQ,682.21
6JJHO,392.62
T0DC4,418.19
RQXIR,512.82
CN75O,880.60
KHII1,875.41
HJ2NR,155.52
5RUHC,325.23
7DGXA,779.29
U2QFS,670.99
XHLFF,495.83
6TQA6,44.99
PLO82,398.10
TJ4EQ,868.56
SG3O8,554.38
AF7VX,368.24
WFCMO,203.48
U0RX4,870.04
1UTV9,224.17
YB0W1,600.63
BK39O,403.53
LZB1L,653.84
KT4WP,523.80
DPUI9,835.86
5LDCP,929.93
TMIF7,492.49
5889G,886.11
8O3NI,821.71
LTPTV,849.75
3MDY0,78.03
3KALC,54.87
6W40X,932.42
JI4YU,337.05
DARTK,799.89
P4WW8,442.22
TQP0S,121.60
VE9RA,64.98
FXNJE,205.36
X3XBN,474.04
6CRVA,351.02
W4VES,740.53
M4LXA,429.25
AGBM2,235.64
LCJY1,926.95
M2CJ8,736.96
Y3QVF,155.77
UFNAK,455.63
RQ2NE,179.64
1UM9S,299.50
992SM,980.95
857CO,852.17
KEZTL,502.82
7IYIH,504.41
ITLSP,523.09
AL1PU,99.43
VYQFP,28.37
AKDD2,868.82
4NPQX,582.34
QMJ9J,582.90
1GI9Q,388.11
Z4248,989.30
V8SGK,333.81
XDV27,475.48
6D7WL,701.26
MA9US,616.11
J4SG2,563.41
B2YPV,707.94
37CMM,598.21
RECQ1,426.34
DZAMA,432.77
HQEYF,303.26
RHUQX,998.12
5003W,396.00
HP1ZD,873.15
66MIG,860.11
7RKDX,974.28
TCD04,418.20
YAYUE,596.84
QCR9X,98.89
HDECU,774.15
650H9,36.86
JUK43,706.46
CVXDN,522.21
35MJQ,868.80
U1W8L,225.86
MQ402,552.06
L0JDM,428.01
OBRQC,813.96
RLC5J,700.46
CPGAU,413.86
SWQ6B,252.79
UTY0N,482.64
JX6YV,622.46
3KLYO,85.93
YP5SV,361.72
PBUS8,406.71
5YVG9,953.77
MWQNT,534.38
BPQRQ,310.84
W4TR9,173.56
5N2F4,447.84
7BHT8,857.42
M1OUZ,753.30
GTSH5,866.73
BHTLK,677.69
O303W,854.05
9CO7O,106.82
HCXOX,631.26
ZUJEB,662.98
3FW2F,125.15
MBCMC,610.16
VZZJF,271.98
EM22F,483.44
1EDJ6,808.74
67GXJ,351.25
N77P9,282.84
F9PXL,811.61
31AJF,606.69
RVKD6,475.40
XGCEW,64.06
H3UIM,135.39
ZUDOE,893.97
R8T6L,897.75
Y3CN0,12.48
HANXL,179.99
C3QU1,820.62
1U81Q,375.66
5JH9X,310.06
1039M,511.42
9ZUFG,453.39
497RS,20.51
212O1,883.83
FE2WK,286.00
40RXR,925.33
3LN8W,326.32
4JGOU,179.44
G4RY1,953.16
LDABC,655.48
QBVZG,191.11
LEIFY,371.81
WZVR9,445.24
LK6QT,796.75
3S0YS,150.98
ZCUBZ,575.31
0HZUB,803.69
XQS7V,980.81
OJKUW,999.20
MI2A0,813.72
ZUH2L,734.69
WWS0S,78.89
01APB,595.11
Z1PZ0,347.08
S8MYP,58.98
EM2YK,246.79
TQV6T,38.17
X87SN,553.86
SZM3X,959.67
I5JFV,740.82
52TGE,686.74
OSY0R,857.06
31DF2,478.40
LW5P6,796.75
8LWUD,119.84
14U11,209.59
3F2C3,104.64
S1AVG,726.34
ORNJH,985.97
DW29T,558.11
5JR08,482.43
GM2WF,171.81
QLUY0,329.68
T8DR5,156.13
3RORT,415.58
5L0JO,103.58
N1MDP,618.82
7DTH2,338.64
WU7ON,743.00
YBYSG,322.44
HB6Y8,208.79
89C7T,199.18
H5KVE,821.43
YSMEI,561.93
TMWP1,575.38
OS3P0,432.54
0AAWA,858.28
6B5Q0,673.43
EG466,824.84
K16JC,39.21
2XCMD,887.17
OLT5Q,772.45
FIQ4J,219.77
VP1E7,212.34
MFIDK,968.74
DEMFM,334.05
DZ6ZK,893.42
L4JS2,648.48
Z2GRB,676.91
HYMQ9,941.38
8CTCI,470.67
RVIBO,77.35
O6PHY,994.84
VCYG3,441.08
SWFSA,331.30
XXQ3M,562.88
P1BRJ,749.21
1F6K4,438.98
8PJOX,931.51
XOBDQ,955.40
E11XH,627.97
52RHC,699.52
614QV,810.86
9MR6O,637.23
ZQ9RM,532.03
N4M5V,487.56
MN71V,35.63
VEA69,916.46
BYEI1,221.38
SFBI8,687.30
KLQMP,351.31
8HMKM,431.22
FZ0DG,901.50
JFXQQ,946.76
KOWEB,670.95
85Q5M,709.97
ZJP1O,952.04
FVQ2L,117.33
U1BA6,187.39
L82OD,81.53
MY0QV,210.17
V645I,970.33
0XCL6,661.73
DV982,801.61
BBXP2,851.77
O73OM,131.44
8F3IA,204.34
07OME,380.34
8UOO6,230.64
WQ3VU,12.50
8BHO0,683.33
6RZN7,419.30
066W4,741.92
BSZFC,869.44
6DL35,411.25
F6E15,187.64
OT3ER,961.59
YVWUT,582.54
2YA5C,680.31
4Y6HK,481.18
DQK7J,298.41
KSO8Q,976.95
ZI2BT,427.11
MK0O8,989.61
71WCA,590.08
M6VO8,39.45
HOX8N,175.86
H1VB1,48.08
7JG8X,770.14
WA4QC,621.32
JEVLA,610.84
TLRY8,631.88
G3LRR,251.60
DBZZ1,849.98
NN52O,745.23
SMBW3,657.63
YDI0F,37.79
ZAH0O,9.25
J5L7Q,785.46
I0BY9,400.59
TXYSH,283.22
QR55F,655.29
O2H8H,685.82
TWNSZ,208.88
PVLBC,3.98
AX4WQ,932.01
7SLJT,689.29
444KT,32.05
0JEHJ,535.51
HILH2,483.30
ZPZ25,748.38
LRZND,369.49
WOKNM,437.02
C2W0U,706.20
TZVLV,783.11
P3331,233.21
CTVIJ,543.23
NMLXS,672.12
IMNYT,211.54
GH5Z3,812.32
942GH,955.58
C8AB9,156.27
NSQ64,610.20
8C8IK,609.32
D6K77,401.65
0PMBB,51.45
6O10Y,167.71
BEFAM,891.94
OP4Q7,124.21
ZC5Z6,753.61
ZXO69,149.85
BFGCV,952.34
HJ1UO,797.09
RN72Q,279.73
9I3WJ,197.96
DX9GW,643.12
JIJS9,291.13
7Y70Y,218.23
6FEPX,985.63
9J1YK,658.07
9CD6Y,350.16
6UHTD,143.80
A87NX,512.56
CGZD4,286.83
WA00E,872.94
PATO1,241.35
EKC1P,194.86
AGIEX,545.39
HXBN6,66.86
Y8YRC,512.02
1EAEU,114.41
P4ZXM,365.67
MTRY2,797.71
C0HFF,973.13
FZR69,445.00
LQSIW,126.95
K83QR,45.09
58WZM,76.51
VB3MM,807.22
PWZ86,952.52
DMXFI,764.30
DSOW0,797.35
A6988,907.84
5G4IP,781.90
81V3I,333.46
92TC2,796.05
OJ4UH,572.41
166S8,157.29
JU4W3,508.24
YT3SP,139.99
20Y8V,942.08
I845O,325.00
XDY73,686.49
3HPHT,553.47
L5YGK,462.16
CNO4M,811.78
VYERE,643.70
8N4SF,323.37
C6AQT,736.38
GTR19,160.30
4T24Z,856.60
MFC7P,622.31
NLPFW,825.08
KSX8C,612.19
YO9TD,639.20
V7OHG,784.18
SS2K2,154.63
13U8P,823.95
Y31XD,834.72
XQ296,71.01
V7VDS,598.03
GNM6U,214.62
59L4C,411.01
BHER8,33.11
7E94W,893.77
61PY9,552.81
19BB4,235.96
W9T16,730.66
L25GO,953.38
FAX3X,76.89
G9RWW,668.95
68O96,37.56
4QUI3,37.15
1K3LV,926.87
U9819,569.94
BOBJW,789.41
VN5NL,679.18
KVBAH,244.24
WQ7I9,510.97
3XKKZ,633.22
HDRNY,483.25
WXPB1,721.72
DX6U9,340.13
I262O,646.92
19AHI,95.93
4GZHT,141.99
3LP6S,972.27
W3J53,295.66
28GQ2,142.70
269RG,549.28
LK1P8,641.42
HL9U0,748.45
1DJ43,322.57
0MOUH,437.23
DJ7VG,541.96
YYD71,727.46
6DHZK,913.99
4OUB8,653.38
9U2NB,659.70
6YQCT,909.35
YRRXT,575.82
4L1XJ,913.05
VEXU5,369.99
ZVNH3,659.48
K4B1C,491.36
342DT,819.04
UT75Q,585.16
L2CA9,898.21
6V1EV,42.25
WEHQA,849.79
UOMH1,105.00
IU1YS,910.39
8CPNV,312.98
Y1C7E,201.50
RAEKG,587.76
OOFAR,876.31
ENKSP,874.49
B3G1B,764.09
8KHDN,937.18
VEDNU,751.78
MDCKY,580.54
NE532,940.30
XVKGP,587.96
RCW0X,404.10
P6N27,435.48
1ULAR,920.49
YROBI,714.99
5E2R8,599.92
PYZQH,384.91
7Y0R8,842.48
UYQVG,875.42
5008Z,25.80
LAQ7D,584.54
9QFV0,601.62
N1G2X,57.40
9OG8N,570.20
5AWAL,351.73
F8BKT,680.65
PA01Z,155.56
K5GV6,276.89
ID8TG,556.82
PFRXG,74.05
CUWV3,253.41
NYQB2,292.91
XT75D,444.28
SEP6I,731.03
6SQQR,435.47
RS2E1,121.07
88699,849.47
LZC43,665.66
9KS1L,852.97
NWNPJ,149.90
B6HD5,716.20
3017O,907.92
C2ZLP,328.81
V2OY2,635.52
HJHVJ,325.09
UWUZ4,965.89
OB8G1,224.01
AVOBS,570.87
6QLK1,104.05
LFAWT,985.24
JB8Y3,513.31
RMSVX,199.77
62GUK,974.37
A5UIN,79.20
F4UTH,325.85
L2E45,711.36
L6Q8B,144.10
CZ5CR,17.56
2ROX8,524.58
FA68E,193.84
FCMMX,608.53
BRFJF,660.29
1X1OK,194.96
8O5NF,506.49
5BYCO,686.89
YQFHA,295.05
TO229,959.82
YWL2B,704.45
49YP5,485.02
HHHAA,593.92
BMSRJ,750.45
4H3KS,719.25
QJEGE,989.50
QWTFH,725.53
H34ED,309.60
1YGL3,676.62
KURN7,272.81
DGYEM,421.88
2JUAO,245.11
2HGX9,385.84
N6IOL,456.64
7P2D0,584.70
UN73B,172.84
X3ZED,571.58
VRQNC,560.75
SV1W0,53.64
LL4AM,318.54
VD0ZW,365.08
J45G2,405.18
9FDO9,724.12
49K3X,976.97
YD442,831.91
0J9QK,141.08
U3869,659.13
05BVZ,541.37
Y56BK,55.91
P7COV,712.96
E4NJV,822.32
QOX2W,948.62
J10BX,30.04
UUAUH,6.07
UDS19,519.56
6J7V2,85.85
NYRCU,510.13
FCMOO,234.79
6NA7B,794.06
H2GEW,210.27
PGNMT,248.84
AMQHA,769.61
AM1YA,649.23
3G5PQ,438.55
7DEG6,722.22
COQ4E,772.44
FBNVU,138.73
Q4A5X,737.20
C6YFE,23.83
TMVS1,487.45
AALJG,623.38
BW8C8,945.74
WUWHF,633.26
VR5VO,976.51
C34BY,594.75
IXCEG,299.27
1FUJR,760.90
EWIJQ,616.95
U8CTS,918.54
F76BO,578.17
3KD30,330.37
RE776,184.16
ARLZO,253.69
AO7T9,963.67
8XPNT,450.49
8ITSS,473.26
EG937,215.07
ZAY1T,379.77
PE1FO,937.08
H0VUH,498.85
6J39Y,662.71
G3G2O,336.80
H84GH,766.69
R8SZD,843.37
8H5A0,69.69
8V38O,595.47
JMI27,755.96
G8F4Z,285.57
A1X5V,254.75
MZRLO,59.47
3NNSN,2.35
O07HP,921.93
9R5GG,517.54
0K6E9,568.46
K6FBQ,89.58
PCYUW,876.58
LFXJN,315.37
XMBJO,53.53
8Y5LY,411.32
2KQ05,220.29
3PA32,324.95
7GGGM,893.18
PLNYV,316.25
SGF14,215.89
766ZT,879.90
VCNGN,64.69
GVMZ0,515.92
UOCLI,685.56
A4NGF,988.05
AV6CK,248.96
X1I0O,557.37
7X26Q,758.96
Q6UKS,800.12
1P8D3,524.98
9ITBC,824.73
5IP7V,286.58
WN68U,179.05
YQ7CI,789.89
IBV6I,906.82
CH3L6,999.28
RLKPJ,543.31
YYSDB,475.33
C3X3H,362.19
1ZNLX,859.07
BQZEJ,575.82
LJMFH,408.43
DT5UZ,666.62
ESGN1,685.23
DAHZG,874.09
JK7TC,573.92
4R9PP,157.89
X4ZZ2,161.54
01GLT,968.45
TAP7M,716.78
3SBGL,173.90
GQVZ3,769.53
NUCUN,20.55
UQ768,550.80
0CB2F,963.47
FWFXY,5.00
8NLZN,79.55
UMMH0,70.40
VFBAQ,297.52
XCSPQ,5.79
EKWK9,502.10
R0ES5,243.39
26XAU,121.81
JFBJR,992.55
B06BE,743.73
N0HQN,803.00
KCHYH,697.53
FTR6Q,525.48
XOVFT,146.71
G1FTU,412.04
O187Q,676.98
WU6NN,849.61
B6F8C,530.99
RS28N,457.18
0FG9M,640.07
6QPIL,471.46
ID513,398.07
IJAQZ,830.69
3MK1C,811.47
95X23,414.14
N8N6E,91.07
70FQL,395.82
I2A5T,790.50
JFEWV,83.34
L15IC,351.08
1RQLV,55.20
59LGZ,266.03
JMLNH,628.25
L1WFI,826.41
PIBOB,901.81
F7ZMF,919.72
N5RD4,472.92
D53OU,177.81
BRKJ5,356.41
7CGEK,356.96
8BFA4,332.43
ZTWVK,286.62
VS26S,674.06
E5HKI,941.50
0QLG8,71.08
P8KYV,876.39
1I0JQ,632.41
DMSB5,14.83
RARM5,556.41
UC7LI,39.80
5NGBL,324.29
8E988,238.54
B81F6,563.37
VMMBB,910.74
DK3SC,492.01
DLUC7,606.93
3RQ5J,248.86
EYMFX,258.92
ZPCP9,883.38
0QQMT,914.71
4SFZF,106.28
AB41E,452.89
JN6XW,38.48
XEEKJ,641.47
PTFPF,688.53
S9Q0G,536.98
NC5LD,69.28
KH7TU,699.07
FFDNN,244.90
LRXDO,492.32
EY8RJ,204.07
MB7XP,671.80
XBSYQ,174.58
Y6NW0,100.21
H2JLZ,307.63
KAKQM,184.85
QHXBN,724.01
4V34V,889.19
06CCN,740.39
UTWG0,537.75
FJRGP,458.67
ZBRPQ,380.99
Q0YX9,234.09
K9GH4,43.54
41JMA,26.79
J8XO1,816.67
ZT00Q,702.65
QCJPO,717.51
0W57B,334.40
KOZHB,294.88
RMGTT,670.86
7GNZX,213.99
WEB2D,294.43
228EF,441.69
4QLD7,250.68
G4LYP,879.54
KPZS4,248.14
FYIAO,32.59
J0H9Z,252.97
MXK8F,534.11
WM9IM,807.10
WHSK7,933.34
4PS0Y,769.94
12N4U,64.09
448QF,835.73
VU0RW,652.49
68WUF,63.95
UQ2SZ,463.16
2B1L5,603.10
0OX1X,307.16
TDN75,882.92
GTXU7,359.67
G4B6S,518.54
KL78Y,345.64
KH537,456.04
6R24D,725.29
DOA8B,218.79
PT4IY,994.94
E30SI,614.68
ON0W7,871.86
U5HYY,834.32
NUM97,351.78
6TJ06,364.67
N7HKK,950.01
HVB1S,821.46
YXL00,990.08
N5PEF,377.37
OT3DP,732.89
RE6OA,849.53
PGSB5,428.09
ZJ5U8,936.70
52WQI,691.42
MN3ML,636.22
CZ1EM,206.28
0LMJD,730.64
VTTDW,525.33
02HT3,611.06
7OW00,170.01
4YYG6,207.80
0D7ZJ,374.30
Q1P5N,752.71
YX33W,239.49
B6OHS,114.40
YOKF3,27.24
NTY93,411.96
DDFWK,311.19
ZW1OZ,695.46
QJVBO,948.79
BU1AF,985.65
1FYDB,525.39
G9LUT,660.75
0OAB5,253.20
T1SBK,417.91
XUSVK,381.11
FM41R,699.79
VUVN7,455.33
N62UH,568.67
AVF6X,819.92
JF2ZX,242.63
406ZY,845.66
PEKZG,275.11
J953Q,331.06
G96U9,613.63
V9QU0,175.01
MV0KQ,370.46
OBBL8,191.50
C8CPN,723.45
V2J65,312.26
9QTMZ,614.99
3UAEP,930.71
MMHH5,114.24
WS1Y1,48.79
29OUE,787.14
2XODL,240.38
TSPXZ,119.15
YSMTO,594.83
SLONK,237.37
3AAA9,337.42
HSDSA,538.05
K8BL7,510.27
4YYQV,294.62
8S0WB,428.58
03PSV,747.24
UV3JT,324.14
3AJUY,550.61
2BY4U,683.51
FA8VX,273.52
XJOXR,255.11
FPBCA,506.49
PX7EV,275.31
HE58J,956.66
XC06Q,791.13
3EY0B,927.38
6KXXB,362.15
MHLSK,99.19
0FTSE,421.65
KTAQS,625.86
SJD7L,939.39
S1OQR,656.79
JHV1N,220.46
Q6K7V,587.74
S3A3S,383.20
2UX92,333.80
N055M,54.94
P6X2G,411.16
1Q56N,611.96
FUNW5,466.06
55PF1,177.53
X1U3X,261.96
1E4UJ,104.96
3KIW0,217.96
X6ISS,231.25
HM3BB,281.87
UWTHC,732.35
W1D48,551.03
4UE83,846.54
HTO2A,583.82
CPYF9,289.49
9C0HL,407.67
VCF8O,686.95
LDZIP,917.98
QURRK,468.34
074FG,805.76
4REC4,339.68
TJKZ1,974.05
5US9D,323.10
G2YHY,121.41
K0R86,424.99
VK7UZ,141.19
FGL9R,697.50
ZYCG5,968.97
4MKUW,297.98
X384K,680.64
FTLWL,317.59
0VMTV,922.53
RV2U3,911.42
M9PSZ,94.78
RBW7M,692.30
MVF2P,912.98
IAEMX,155.38
QXS0K,217.45
GX80E,95.99
5OD98,993.15
RNKHV,401.54
BZDGL,57.36
MNIT2,725.42
2RR4S,509.27
N5HGU,195.02
D1Y50,811.11
BLY0J,252.65
8Q1NH,837.82
P4IKP,336.37
C3HCJ,531.72
5EQVM,969.83
DUF62,302.48
VY6VN,119.41
OYRKQ,577.44
WADZ9,994.12
G1IAG,80.89
Q9E0E,88.06
83XXY,490.55
5GHH7,41.07
3AGLN,36.34
6FWD3,564.46
LWVAS,135.99
XQ0EI,964.27
CGB7A,809.83
SWXIH,639.61
63WSA,751.76
F7EML,891.52
8IKHA,376.52
98BIJ,252.30
Q3VC0,469.51
9Q37O,822.00
9HAYZ,475.19
DED5O,404.22
8TVJS,282.32
G3JDY,248.63
PSBA1,813.83
8H2F4,926.39
YALA8,613.88
6QHBC,888.53
VVEN0,859.68
OQPYK,632.60
OMBRP,766.26
EC95O,710.80
MLSQU,15.11
P1P83,803.12
BDPFF,333.98
4P5WB,100.65
DJ3YF,611.41
7AF1E,824.92
XW026,664.82
8Z5BH,176.38
THVH9,59.65
EM7YC,428.68
1FW24,265.55
2I7OW,137.38
LI4IO,174.81
T1D8I,544.99
5F4XZ,385.20
DYMHI,171.50
ENIYM,500.89
Y2KQR,946.30
70AWP,959.85
QAH2C,279.42
JWR80,500.33
OQV8K,480.48
GAFQ8,644.22
CSEPR,173.22
ZDLXQ,711.80
3AYK0,832.26
ED3UU,274.23
LA14A,564.17
GO3Q6,427.19
Z8TWK,147.81
OOIVD,704.79
WEQ4X,503.39
2WGEZ,153.72
2O4C3,839.81
F6GLY,949.16
ZWUFV,6.71
95G4S,305.63
JHQ41,651.11
F9KOE,280.12
CTEL4,551.60
WENUT,587.48
1V71J,293.13
5WPGR,762.35
MOAQL,46.50
DPW7F,138.68
8Q4CG,144.95
9JRTI,73.83
3CRUX,268.84
V1ZG8,541.19
WGDGM,442.38
NSLLJ,387.64
NPT1G,913.38
FBHGG,672.74
OCONV,486.84
HPRSJ,210.48
C943R,534.63
0HDT1,158.90
RPNV1,160.76
DROTE,388.85
B6GO9,779.15
CE3A5,550.69
1FAZ2,100.65
BOLMP,749.19
EAP4T,911.84
41E9P,723.90
FRLKP,762.15
HVOC8,983.66
7KJ8F,335.00
8VXJ9,595.83
JIKCQ,378.49
K10G4,865.87
NTEPV,849.79
0PUSG,666.18
DI9SO,408.26
RY18C,691.94
ZQ9CX,207.20
7MDAR,718.13
3UFK1,597.71
91EVZ,34.54
XUMYK,566.86
5II2W,758.44
BWV2Y,5.39
KY3S9,22.98
8DGNK,984.81
9NNDR,760.17
X3TZO,791.41
NILBU,830.65
OF4VX,666.87
IJQJK,629.33
V5P18,414.53
EVS6U,847.80
R3ZGS,144.87
RUYF1,262.26
ORIU3,500.97
YX8VA,0.90
E00D9,486.83
OA9OL,543.94
1766E,850.51
3U292,322.61
Y60ZB,376.52
3Z62X,161.29
6FLCO,738.83
8Z6EP,673.01
Q32ZU,162.70
TKP3X,576.51
3Q51X,537.85
I9OFF,247.20
UZN9I,264.49
W4ONN,794.90
7T9MB,3.28
DB19E,816.50
4RBQ2,561.19
YSTZV,126.22
CQDMD,821.99
NPIBK,20.71
0C9GE,545.31
8EKCG,77.67
53HK9,764.38
1CW1K,151.67
R884F,932.49
DX97R,931.50
B40RE,316.78
T1NP3,705.67
3A7XQ,181.31
44OWY,530.69
6463F,721.00
N30SJ,587.53
JLFTY,165.21
1TJES,407.35
TXS8K,205.12
LOMAQ,663.26
Z0YO9,867.62
01YMR,275.11
YQ6S4,658.02
XS8L7,405.57
9L8RP,19.61
Q17IH,332.38
35E5P,860.28
KJCO2,408.30
EPO4L,222.32
LATF0,544.21
XXR45,566.16
8R0KQ,871.97
RD9MQ,626.05
RQCHB,598.02
22EGF,286.62
0QWFE,18.64
8TDRF,440.26
679AL,480.26
CQFN6,455.60
N12JB,409.15
P74KU,779.56
1101S,698.84
1M9IN,390.11
APF1R,445.02
0Z1JA,844.50
I5HAB,33.16
QBLQE,491.70
M9H3M,632.01
9JGM5,855.51
B7PPX,950.32
V1UZ3,81.99
4B7YS,857.14
P6WWV,589.79
YNFR6,340.01
E2EHZ,948.88
BO364,286.08
CJI1R,468.21
TIDSQ,416.43
3203O,1.10
YHOX3,212.93
ANR1T,217.39
EXP2Q,356.08
FB1ZO,929.35
DCNRV,388.28
R80LY,365.34
BQROL,444.81
PDO7K,79.61
ARNIT,583.29
0XZ7M,244.07
AB8AV,702.36
HGWY5,147.27
JCR7C,684.95
GCAJB,951.76
FJANG,795.96
VJNB8,883.71
FMVK6,168.78
BO159,884.99
KE0O1,212.99
U1LYN,561.07
7Z93Z,986.45
1GKIU,840.68
A73NR,228.28
5SOR4,552.79
05E53,272.00
2ZB3V,462.22
RT35J,709.03
3ICE1,282.19
0O5EL,286.04
UNCZR,649.14
WSQG2,0.54
TF05Y,550.43
OP212,23.84
98LUY,479.16
IKQ4T,242.67
1D1DF,191.76
K3P71,423.48
HBVO1,769.49
LWIX9,1.83
PSJ9B,79.69
KBUBB,399.69
BJPC6,953.55
Y9ZMS,908.41
GDXPI,387.94
O8QMK,153.15
9CLBO,803.04
Y2CFH,397.04
JLRW6,905.38
3K362,793.82
ANA59,456.30
T0KRM,780.11
8UEEL,401.08
9W3MR,255.22
3MAPT,855.36
1AU1X,14.65
3IQB3,372.24
3ASBJ,989.11
USRQK,803.29
ISZIE,657.35
K9MO5,926.06
VIC3Z,656.31
IJMGZ,162.63
6HXDA,793.57
4Z14S,934.15
Z34JI,243.53
5M1YL,151.92
MEUAC,123.44
8QACM,205.78
HQZFH,709.09
W37EI,604.20
7PVVB,460.23
ICKCU,399.29
JU657,883.17
IAKLD,133.31
KUU6G,161.38
60P6U,32.90
12ALY,932.27
LBDNC,840.34
JW6M0,399.64
T45S7,468.96
VHVD3,65.18
QPRS4,803.65
JJ65Q,488.36
TB55Q,829.74
5F2GE,869.03
FXB6X,599.46
PWFMY,295.22
EDR3A,168.48
W7TJB,464.51
Q60RQ,870.43
IXFUP,202.65
YJE4Y,620.19
L1W9L,112.15
NPW4G,75.77
P8HDL,423.38
ECDXF,237.06
3VP8T,159.98
QBOS8,974.26
3AKQI,144.41
4LND6,1.23
L29N1,679.61
FO3QB,191.25
K6L64,196.29
YO9PX,189.62
T8O3I,996.07
OGGJT,380.82
PEGLJ,517.92
DDH16,121.91
2L9H9,693.98
RZO14,981.75
C232S,439.97
CUC22,148.78
LHD5N,403.65
96E70,188.39
B7S8E,860.88
HKFV4,852.66
L6NVU,674.26
1XVML,963.83
XMK6P,65.12
LLKJ0,644.07
8EX9V,856.71
3Q898,954.96
C912F,741.27
E69F3,838.66
ITBQQ,401.55
L0UG6,840.04
T3ZRL,287.14
Q7QOH,807.40
CNF9D,709.93
DHNQ4,924.31
V9MQH,872.93
VQBCB,958.01
U81R2,695.92
S5NNT,398.42
MWER0,789.35
PRHGO,873.93
JJ6O2,607.36
VM4CB,298.74
GV5D4,833.66
VLBK2,488.21
BCT1A,81.54
SWSZG,173.31
HQWCP,474.50
B1SGR,482.77
IN9Y9,430.45
U35YJ,53.87
R60AI,216.54
OF4SS,923.76
DMVB2,214.89
IR9TY,570.72
934WO,562.80
MNN5V,196.14
XDJZE,909.14
VL7YP,500.34
IM5B9,144.52
O6RDP,724.65
IS2XX,449.98
RUWT2,357.63
W17C2,788.08
D9CW9,156.03
GVAR2,93.68
WQNG1,710.52
GT9WL,411.98
AV7D0,769.67
3F6LJ,108.82
EHI6Z,481.96
FS8OK,452.85
QTPZK,5.23
6SWI4,399.04
5QTA4,986.95
CQOGZ,245.30
LGS2P,375.53
OZ5A8,130.17
G5TNM,576.91
L7UC5,562.53
0GUMQ,683.39
N81ZP,480.46
XGWX4,258.50
S7STB,408.21
TPWWZ,347.67
2W6US,623.50
GU6W7,363.38
M708V,592.51
5WMGO,139.22
G1SU5,361.51
JMRM0,676.78
PA9QF,48.87
6K63T,195.58
2UW3Y,253.90
CHLE3,64.70
7GXX3,423.95
WIH7A,249.73
L83SW,510.66
N1FDG,677.63
IKKN1,394.53
PZ8Z6,371.02
U6U6O,761.34
7B9OQ,704.82
QD7OV,373.95
PG799,948.49
E1OXX,601.02
G3THC,211.31
MTHGR,524.72
Z6ZY7,227.94
3GS9G,325.42
3G7DQ,187.27
C4GU6,65.97
ZZ9WU,332.23
RKMY2,937.82
WCR5O,461.12
7DHCW,244.18
PAK68,191.48
CK2A6,949.42
8GPAM,440.40
1V3O7,532.54
4STMR,730.30
CQJ2J,118.00
F2AJV,272.76
G0J45,408.16
OMNFL,432.03
O3A9D,433.10
JRV7Z,257.27
V8SEH,751.33
U0UFC,334.33
03OQ9,563.00
QF0LH,995.57
PWUDK,864.87
T8OQQ,452.54
AFEQZ,182.38
ERWWO,191.50
LSXQR,922.06
FKX51,775.64
69ZTV,884.55
BTMS9,459.72
RCCYJ,746.65
LNRXP,412.18
94I9E,838.66
INHWM,364.58
015IV,813.80
3U12H,174.24
3FS9W,610.81
G3VQC,716.63
E2L2J,257.76
ZEG2J,792.77
QKZL0,820.52
31QNU,232.46
T3G9A,300.31
NC12X,70.26
UBFBW,145.09
QV5Q4,664.22
DLR79,253.02
UYTLJ,488.58
7S81C,296.67
YA4Q9,941.92
0V525,515.39
JF04K,343.75
JGSM4,459.98
V98CU,190.39
9YZQG,664.93
P27DF,329.84
8B4ET,322.41
GD6CZ,613.44
RJ9MA,149.85
MPOL2,746.31
TLU63,539.07
JL575,468.54
HNDGC,306.93
NR3CN,489.70
50WNY,693.75
PFI8R,120.35
IF1U6,891.65
ICJOZ,753.42
EW5NP,458.96
E8XTM,233.92
X5O3X,821.22
NY15R,716.47
5G2V7,999.51
ZZZMU,958.56
9VLAR,513.82
JMVFN,330.54
Z264W,695.26
YT0MT,794.61
FZZJ4,307.45
I4MEQ,518.16
1E162,938.48
Q5WQY,433.48
43PVG,478.97
BX434,942.63
HEHH0,944.33
AXH78,402.91
ZLV2S,952.20
EYRVG,648.27
5NNZ4,699.65
IEVTU,483.96
5SA3V,851.83
PE5KQ,997.37
GD0ND,566.78
IUP1S,511.45
N5EOB,253.71
TPUSD,351.97
BUO9E,925.53
V9O3Y,810.61
VBX8X,376.51
HDH0H,24.74
ZZJPE,772.58
YDB6Q,499.60
RAMXT,29.62
YO8EA,62.75
IN51T,120.69
SERSW,798.92
DHIYB,344.24
4AO71,501.43
TMIZC,676.57
RKAJ9,334.39
MH8VR,634.58
PBTL9,527.80
WNR2M,305.99
00QH9,631.69
ZL7FB,807.83
TC709,105.58
BSUR1,989.57
O5U63,364.30
EA9P8,545.37
NHA2W,290.84
UF4WT,168.15
FGSD9,243.38
XJLBW,53.77
E94U4,975.00
1TAJG,382.09
HKAHI,823.85
D35YA,149.68
KIL67,488.06
SJKMT,704.85
3XFBA,161.84
4QZXQ,405.01
ALENN,884.65
EOQWI,418.10
FTNWE,282.71
J4PW8,745.58
K8ZQ9,438.88
K0ROF,403.87
L6M33,416.23
NEAB0,821.94
8L4WF,145.41
JN5L2,58.67
39556,450.77
UI6TQ,971.70
QOVYQ,365.26
IUQAB,849.38
DA3W8,324.04
9EGB9,691.38
KZB3G,935.09
BKUT6,703.62
LBTZT,148.12
P3L5Y,362.40
5QEC3,561.23
PRM15,265.25
UQ81S,85.67
QN8EL,856.58
2VDBD,529.20
VN428,445.83
ZTQ9Z,54.61
DNHAJ,680.66
CRHC7,296.84
CBKWM,649.24
ZQERI,856.18
2GZSN,796.57
3B5PN,514.73
6RQYF,929.37
C84WT,749.93
N3MSL,109.70
71OQT,23.28
XLQ44,886.11
VT1E5,368.95
PRP3T,701.72
P7V7R,573.35
YTWR6,542.36
0CFE3,399.96
TJY36,232.17
V72LW,717.38
UUCO6,271.68
SXMFS,688.51
JJ70E,125.63
DP3RI,58.05
SE4YG,132.47
ASH5R,214.59
KXC11,784.44
RSWFG,556.73
PSZ0S,799.44
K146Q,843.79
0O9CO,619.41
7K219,332.43
ZCEC9,426.12
7YBJ0,216.38
JTK3P,993.05
4PXXC,349.25
C3PQT,735.57
SKS5Z,525.10
TML2Y,496.17
08ZZU,202.49
P5DJO,654.20
TA34Q,456.96
QKK5Z,435.89
XGPET,99.45
EPWQR,214.34
ESZIP,668.10
6O1SP,48.98
5G317,334.66
WFAX1,446.40
Q2PFH,789.06
T2M7N,18.87
5DE96,865.29
ZH5EY,853.49
8AUAO,139.20
K12GV,257.52
859C7,757.31
6YCE5,928.99
W4CIF,622.61
L4FME,164.37
WHJVP,434.65
4ZO1N,71.73
AQ38H,239.85
WW12J,715.29
MPXJ0,85.59
YJPXL,130.52
QHU1S,777.26
JWXRF,597.16
ITCTG,669.73
TI2XE,375.90
EOV7F,352.47
C7GG8,837.78
3EPIA,17.26
NY4KQ,903.79
3QQXG,29.68
NKHIX,63.18
WJICO,814.72
AYSCT,252.63
AJ38N,26.18
6F4XZ,843.71
6J4Z7,464.37
TKV5X,165.61
LWP30,449.78
WOI3J,110.32
BC4T5,10.38
2IDVL,824.91
7NTBC,754.12
DQWJ8,478.94
Z11I2,286.92
W5CXF,958.86
NZ2SB,235.74
SAU30,420.27
ZDWEP,112.95
V3G0O,360.73
JNL8O,61.52
ZOWWQ,130.76
Y0JFW,414.35
R3L2I,741.67
S4RWO,350.30
850FI,968.93
5M0UE,437.08
B4B24,70.93
DXIO4,379.25
ANQH3,958.76
OA7L3,93.94
NXWPJ,951.28
J1EDT,1.61
JTEWZ,961.50
0TLDY,823.81
R66P9,76.02
3BNDU,442.81
DK707,504.69
NQTZL,902.81
I2BPJ,778.90
S513P,700.01
WKUCS,269.04
XVPN6,621.95
UKC95,129.52
F4OUH,704.91
B6UZ9,260.68
ZSFKR,376.40
FKYBS,298.32
86F5L,310.25
KP21C,710.88
NEEAR,140.16
5K85M,932.20
099QV,724.83
0QAEM,656.53
T6U3S,842.27
0I790,898.92
V0JC2,648.83
XO6M2,73.04
WE8RV,902.33
28W6F,57.25
UPWPD,406.64
XT381,393.43
JTTKM,786.36
NX6B3,491.02
LYDB1,16.38
N52VS,59.10
T661P,823.30
88U7A,792.62
O9187,655.13
2575Z,210.89
WU1K8,516.05
HW0HO,731.05
P05WL,517.46
4E6OC,334.05
8YIZM,660.72
J3TO4,792.48
IDG3T,508.81
2IPQN,284.83
8E4XE,36.76
H9PRS,89.62
WLLP2,592.52
97OP3,138.76
M1F1V,760.69
HJBOI,668.37
ZH33Q,818.60
K9115,161.74
65RQO,226.45
FJSYZ,345.08
KRFHG,119.23
CWXY7,924.89
TI87B,427.20
K0B79,369.76
7W109,602.36
LZ741,845.55
CYWSG,372.27
BC5BT,306.57
Q81Q4,482.67
O1DDJ,130.93
OVYPJ,113.14
5KEW8,645.81
AFR9A,437.37
SEHGO,583.78
T47YS,643.19
3DGQ8,99.36
4T8GB,194.83
42E25,409.11
D37N4,414.74
25K8O,390.77
FBOUT,995.81
UUC3J,49.79
9Z9IX,390.11
HOVYA,364.00
APVKA,36.28
2OKA1,812.71
O7KJC,464.73
ZT1CY,267.88
TAPXN,632.75
C6DP0,117.99
XLHZW,672.42
E9TFS,854.64
GVZ87,832.65
4FNKV,478.22
F67DK,673.40
4XGK0,730.24
Z4Y9V,783.69
0GHEJ,146.29
NENUM,128.70
88LO6,671.91
NKKTA,961.79
BV8E4,354.14
78SVX,309.81
R29TY,377.89
ATYLG,171.69
KIS1O,390.96
5A8OF,652.25
1ZJ2J,8.75
8GYQI,495.57
G5C3G,661.33
2495Y,473.54
PPB9V,409.49
X6B2Q,747.00
D3UBV,835.68
RRIBH,349.27
ZNK14,69.44
Y51Z8,534.79
WBY4I,63.20
RVNAV,333.48
QTCAI,789.65
DQ820,380.83
LE6BX,104.39
0L5R8,673.83
HX1SU,364.68
X46QC,458.50
NX8KA,258.50
OEV6O,813.15
XU4Y0,959.15
6EVM0,910.38
TFRU6,912.95
JZEFC,315.66
7HB1L,48.54
0O75C,280.41
V8K2J,742.83
DVRYT,428.98
R5HBZ,641.67
FT1JW,739.98
NSHRR,12.22
USW1X,192.31
QGXWA,645.33
CIPT7,160.46
Z8MU5,455.98
11TU8,772.31
EC4Q7,971.41
YON17,644.45
NSD7I,262.93
S8H0N,107.64
0V6KE,996.97
0PBC0,128.95
CWFJ6,603.96
RI0XH,195.45
SPAUT,720.49
A5UL2,812.81
U0TS9,339.05
HXVVO,291.08
MQXIV,857.40
UZ80K,680.32
4V4Y7,945.13
JTDRG,919.38
GLFGC,913.19
NQO1S,577.80
QO40V,693.09
LA8ZE,98.36
0SJW9,582.62
R7HEN,345.67
IOT5L,425.00
7CAO8,129.08
HSWLJ,4.17
291CX,707.60
W6180,329.45
L8W3I,522.57
OPNJ7,870.89
4HEOI,688.15
GNSFU,629.19
9IBLG,924.85
24FOU,332.07
8ZRR9,702.41
WCWE2,720.23
N0571,195.57
3LO81,150.86
6RHJA,816.18
E3Q4C,830.20
B9APT,306.42
HTDPH,717.50
Y7LIX,595.17
OG78K,235.73
7LWQM,941.37
HA34B,451.75
N5XI9,571.58
PZZL6,961.35
2YW5F,794.86
ZXRT4,92.83
5L35Q,279.11
J2YL4,67.52
YZ1UD,467.37
TB1A2,357.62
EOUI1,189.70
M43WO,625.75
95A2N,219.46
YN5JL,133.86
PX66B,103.47
O8ZHR,590.27
GQ5EO,421.35
L5H5Z,274.51
QUDXG,672.88
SQF6X,849.60
LMU0M,124.65
ZB0RZ,709.86
QPTTB,366.23
Q3FTO,525.33
VW9NL,977.90
9WUX2,224.90
9OJX1,723.81
AXX2L,762.34
6WUDQ,761.62
ML3N6,862.89
MW002,791.94
2D061,865.12
AGHSO,750.50
AXCQN,189.26
JPMZ1,187.71
RPJK0,552.42
NQ9OV,835.12
8XR6O,746.25
U6N63,534.60
2VQC3,429.73
HMTTW,591.78
W21PZ,620.63
KPBYG,161.82
B5K9V,567.23
YNBEJ,142.38
13IY9,76.67
V4P1F,500.77
CA5OI,61.72
I6CUK,47.39
WG9TC,225.91
6N4LA,408.85
IPK6Q,31.91
OEOEB,44.61
66GRV,745.56
NANEI,111.08
9F7LC,231.51
OIDQY,85.52
3RDQW,46.25
6X1K9,983.45
M40S7,569.95
BG8MM,369.02
CGODV,516.77
7QLV2,305.90
P403C,604.48
K3UM0,565.68
H0Q7D,324.57
Z8UGV,875.24
TAZ29,30.19
VI2L4,946.15
4MRJ1,551.05
7G8BN,755.15
CBE9I,675.10
UGI17,739.91
V5W73,243.15
9G5R2,257.82
MDV5K,504.02
HJ4MU,548.04
62WFU,799.01
IICXH,382.96
MNFFO,901.23
O3OVQ,724.13
L4HOC,662.10
3ASFV,714.95
0NUT9,535.71
B1BX0,454.03
K0D2B,760.03
53TUI,820.51
KZR4Y,4.94
53TF7,78.18
V735S,956.20
FEB6Z,466.90
YQ02I,788.87
EVWVS,762.80
SE1WO,964.64
J9C5P,60.71
I0FA4,75.01
YL1MS,314.73
BNINK,557.34
0GDM4,1.55
JN7EQ,817.80
ML9FJ,201.43
16ER6,470.58
43WDE,115.57
CR1VK,496.34
M10ZN,470.76
G5J52,733.75
UMPA8,292.00
A9CDA,801.46
4KQ11,487.74
P6D9C,607.06
4U9SO,683.47
VI5J7,286.51
K500D,663.29
GVR8Y,82.22
V4S09,845.82
NOGA4,706.93
OFQ0M,801.83
WLF36,770.19
ADGI3,150.45
I06ZN,805.65
OPO9Z,504.06
8ECB2,870.30
6VPZ8,952.01
SEOTD,989.94
XLA2I,84.14
24WQT,966.28
JXD3H,912.30
X4O5A,775.27
LPG2L,182.44
54ZG4,182.81
S1N8A,189.29
SD0QG,990.70
Z61EP,797.46
1X2KI,565.16
FDL7E,699.81
193F5,253.56
IA7NF,546.53
YBZRC,218.60
BEQJO,64.95
2W715,720.28
546EH,468.03
AV8P6,19.05
MXU4O,517.20
9MDAT,471.13
MBSFS,272.73
9KDSW,180.39
Z3TDO,125.58
7SV8Z,680.58
4QG2F,118.82
TCZ96,353.79
CKWOA,273.18
YOM85,544.54
2V0XK,406.89
V5R35,195.90
AMYQI,313.74
UT9AU,331.12
C0ELI,518.57
PBMBF,125.62
AYTUH,412.20
DMP3Q,504.48
